INFO [2025-09-16 08:00:00][110:c.b.c.common.util.ContentSystemUtil           ] : Saving [x-bbgs-consulting-central-grade-export.2025-09-16-ip-10-146-230-85.ec2.internal.log] to Content System--> Filepath: /institution/logs/platformExtensions/gradeExport  Filename: x-bbgs-consulting-central-grade-export.2025-09-16-ip-10-146-230-85.ec2.internal.log File: /usr/local/blackboard/logs/custom/x-bbgs-consulting-central-grade-export.2025-09-16.log
INFO [2025-09-16 08:00:00][114:c.b.c.common.util.ContentSystemUtil           ] : Checking if filepath exists in entryExists /institution/logs/platformExtensions/gradeExport
INFO [2025-09-16 08:00:00][131:c.b.c.common.util.ContentSystemUtil           ] : file Path : /institution/logs/platformExtensions/gradeExport, file Name : x-bbgs-consulting-central-grade-export.2025-09-16-ip-10-146-230-85.ec2.internal.log, file In : java.io.BufferedInputStream@6f0b6a9a
INFO [2025-09-16 08:00:00][133:c.b.c.g.j.GradeExportLogTransferScheduler     ] : File copied to Content folder: x-bbgs-consulting-central-grade-export.2025-09-16-ip-10-146-230-85.ec2.internal.log
INFO [2025-09-16 08:02:00][46:c.b.c.gradejourney.job.GradesExtractJob        ] : == Entering execute() of Job CronGJExtract.CronGJExtractJob ==
ERROR[2025-09-16 08:02:00][485:c.b.c.core.web.rest.LtiRedirector             ] : Exception occurred in checkVersion: 
java.lang.NullPointerException: null
INFO [2025-09-16 08:02:00][844:c.b.c.ccsc.service.impl.ProfileClient         ] : Param : RedirectParam [isV2=false, signJwt=null, url=null, extId=null]
ERROR[2025-09-16 08:02:00][1529:c.b.c.ccsc.service.impl.ProfileClient        ] : cloud exception
blackboard.plugin.cloud.ext.connection.CloudClientException: An error occurred during a GET request to /v1/ccsc/api/applications/null.
	at blackboard.plugin.updates.connection.CloudRestClientImpl.lambda$exchange$0(CloudRestClientImpl.java:290)
	at java.base/java.security.AccessController.doPrivileged(Native Method)
	at blackboard.plugin.updates.connection.CloudRestClientImpl.exchange(CloudRestClientImpl.java:262)
	at blackboard.plugin.updates.connection.CloudRestClientImpl.exchange(CloudRestClientImpl.java:253)
	at com.blackboard.consulting.ccsc.service.impl.ProfileClient.doRestOp(ProfileClient.java:1524)
	at com.blackboard.consulting.ccsc.service.impl.ProfileClient.getApplicationV1V2(ProfileClient.java:849)
	at com.blackboard.consulting.gradejourney.job.GradesExtractJob.execute(GradesExtractJob.java:53)
	at org.quartz.core.JobRunShell.run(JobRunShell.java:202)
	at org.quartz.simpl.SimpleThreadPool$WorkerThread.run(SimpleThreadPool.java:573)
Caused by: org.springframework.web.client.HttpClientErrorException$NotFound: 404 Not Found: "{"status":404,"code":"ApplicationNotFoundException","message":"No application identified by 'null' was found or given version is not available for given application"}"
	at org.springframework.web.client.HttpClientErrorException.create(HttpClientErrorException.java:113)
	at org.springframework.web.client.DefaultResponseErrorHandler.handleError(DefaultResponseErrorHandler.java:168)
	at org.springframework.web.client.DefaultResponseErrorHandler.handleError(DefaultResponseErrorHandler.java:122)
	at blackboard.plugin.updates.connection.CloudClientResponseErrorHandler.handleError(CloudClientResponseErrorHandler.java:86)
	at org.springframework.web.client.ResponseErrorHandler.handleError(ResponseErrorHandler.java:63)
	at org.springframework.web.client.RestTemplate.handleResponse(RestTemplate.java:825)
	at org.springframework.web.client.RestTemplate.doExecute(RestTemplate.java:783)
	at org.springframework.web.client.RestTemplate.execute(RestTemplate.java:717)
	at org.springframework.web.client.RestTemplate.exchange(RestTemplate.java:608)
	at blackboard.plugin.updates.connection.CloudRestClientImpl.lambda$exchange$0(CloudRestClientImpl.java:271)
	... 8 common frames omitted
ERROR[2025-09-16 08:02:00][485:c.b.c.core.web.rest.LtiRedirector             ] : Exception occurred in checkVersion: 
java.lang.NullPointerException: null
ERROR[2025-09-16 08:02:00][1529:c.b.c.ccsc.service.impl.ProfileClient        ] : cloud exception
blackboard.plugin.cloud.ext.connection.CloudClientException: An error occurred during a GET request to /v1/ccsc/api/applications/null/associations/ce9bb794-b5f4-482a-9699-e3c5a730ed38.
	at blackboard.plugin.updates.connection.CloudRestClientImpl.lambda$exchange$0(CloudRestClientImpl.java:290)
	at java.base/java.security.AccessController.doPrivileged(Native Method)
	at blackboard.plugin.updates.connection.CloudRestClientImpl.exchange(CloudRestClientImpl.java:262)
	at blackboard.plugin.updates.connection.CloudRestClientImpl.exchange(CloudRestClientImpl.java:253)
	at com.blackboard.consulting.ccsc.service.impl.ProfileClient.doRestOp(ProfileClient.java:1524)
	at com.blackboard.consulting.ccsc.service.impl.ProfileClient.getAssociationV1V2(ProfileClient.java:763)
	at com.blackboard.consulting.gradejourney.job.GradesExtractJob.execute(GradesExtractJob.java:54)
	at org.quartz.core.JobRunShell.run(JobRunShell.java:202)
	at org.quartz.simpl.SimpleThreadPool$WorkerThread.run(SimpleThreadPool.java:573)
Caused by: org.springframework.web.client.HttpClientErrorException$NotFound: 404 Not Found: "{"status":404,"code":"ApplicationNotFoundException","message":"No application identified by 'null' was found or given version is not available for given application"}"
	at org.springframework.web.client.HttpClientErrorException.create(HttpClientErrorException.java:113)
	at org.springframework.web.client.DefaultResponseErrorHandler.handleError(DefaultResponseErrorHandler.java:168)
	at org.springframework.web.client.DefaultResponseErrorHandler.handleError(DefaultResponseErrorHandler.java:122)
	at blackboard.plugin.updates.connection.CloudClientResponseErrorHandler.handleError(CloudClientResponseErrorHandler.java:86)
	at org.springframework.web.client.ResponseErrorHandler.handleError(ResponseErrorHandler.java:63)
	at org.springframework.web.client.RestTemplate.handleResponse(RestTemplate.java:825)
	at org.springframework.web.client.RestTemplate.doExecute(RestTemplate.java:783)
	at org.springframework.web.client.RestTemplate.execute(RestTemplate.java:717)
	at org.springframework.web.client.RestTemplate.exchange(RestTemplate.java:608)
	at blackboard.plugin.updates.connection.CloudRestClientImpl.lambda$exchange$0(CloudRestClientImpl.java:271)
	... 8 common frames omitted
ERROR[2025-09-16 08:02:00][85:c.b.c.gradejourney.job.GradesExtractJob        ] : Error Loading the settings
java.lang.NullPointerException: null
	at com.blackboard.consulting.gradejourney.service.impl.GradesJourneySettingsServiceImpl.loadGjSettings(GradesJourneySettingsServiceImpl.java:134)
	at jdk.internal.reflect.GeneratedMethodAccessor734.invoke(Unknown Source)
	at java.base/jdk.internal.reflect.DelegatingMethodAccessorImpl.invoke(DelegatingMethodAccessorImpl.java:43)
	at java.base/java.lang.reflect.Method.invoke(Method.java:566)
	at org.springframework.aop.support.AopUtils.invokeJoinpointUsingReflection(AopUtils.java:344)
	at org.springframework.aop.framework.JdkDynamicAopProxy.invoke(JdkDynamicAopProxy.java:208)
	at com.sun.proxy.$Proxy2474.loadGjSettings(Unknown Source)
	at com.blackboard.consulting.gradejourney.job.GradesExtractJob.execute(GradesExtractJob.java:55)
	at org.quartz.core.JobRunShell.run(JobRunShell.java:202)
	at org.quartz.simpl.SimpleThreadPool$WorkerThread.run(SimpleThreadPool.java:573)
INFO [2025-09-16 08:04:00][46:c.b.c.gradejourney.job.GradesExtractJob        ] : == Entering execute() of Job CronGJExtract.CronGJExtractJob ==
ERROR[2025-09-16 08:04:00][485:c.b.c.core.web.rest.LtiRedirector             ] : Exception occurred in checkVersion: 
java.lang.NullPointerException: null
INFO [2025-09-16 08:04:00][844:c.b.c.ccsc.service.impl.ProfileClient         ] : Param : RedirectParam [isV2=false, signJwt=null, url=null, extId=null]
ERROR[2025-09-16 08:04:00][1529:c.b.c.ccsc.service.impl.ProfileClient        ] : cloud exception
blackboard.plugin.cloud.ext.connection.CloudClientException: An error occurred during a GET request to /v1/ccsc/api/applications/null.
	at blackboard.plugin.updates.connection.CloudRestClientImpl.lambda$exchange$0(CloudRestClientImpl.java:290)
	at java.base/java.security.AccessController.doPrivileged(Native Method)
	at blackboard.plugin.updates.connection.CloudRestClientImpl.exchange(CloudRestClientImpl.java:262)
	at blackboard.plugin.updates.connection.CloudRestClientImpl.exchange(CloudRestClientImpl.java:253)
	at com.blackboard.consulting.ccsc.service.impl.ProfileClient.doRestOp(ProfileClient.java:1524)
	at com.blackboard.consulting.ccsc.service.impl.ProfileClient.getApplicationV1V2(ProfileClient.java:849)
	at com.blackboard.consulting.gradejourney.job.GradesExtractJob.execute(GradesExtractJob.java:53)
	at org.quartz.core.JobRunShell.run(JobRunShell.java:202)
	at org.quartz.simpl.SimpleThreadPool$WorkerThread.run(SimpleThreadPool.java:573)
Caused by: org.springframework.web.client.HttpClientErrorException$NotFound: 404 Not Found: "{"status":404,"code":"ApplicationNotFoundException","message":"No application identified by 'null' was found or given version is not available for given application"}"
	at org.springframework.web.client.HttpClientErrorException.create(HttpClientErrorException.java:113)
	at org.springframework.web.client.DefaultResponseErrorHandler.handleError(DefaultResponseErrorHandler.java:168)
	at org.springframework.web.client.DefaultResponseErrorHandler.handleError(DefaultResponseErrorHandler.java:122)
	at blackboard.plugin.updates.connection.CloudClientResponseErrorHandler.handleError(CloudClientResponseErrorHandler.java:86)
	at org.springframework.web.client.ResponseErrorHandler.handleError(ResponseErrorHandler.java:63)
	at org.springframework.web.client.RestTemplate.handleResponse(RestTemplate.java:825)
	at org.springframework.web.client.RestTemplate.doExecute(RestTemplate.java:783)
	at org.springframework.web.client.RestTemplate.execute(RestTemplate.java:717)
	at org.springframework.web.client.RestTemplate.exchange(RestTemplate.java:608)
	at blackboard.plugin.updates.connection.CloudRestClientImpl.lambda$exchange$0(CloudRestClientImpl.java:271)
	... 8 common frames omitted
ERROR[2025-09-16 08:04:00][485:c.b.c.core.web.rest.LtiRedirector             ] : Exception occurred in checkVersion: 
java.lang.NullPointerException: null
ERROR[2025-09-16 08:04:00][1529:c.b.c.ccsc.service.impl.ProfileClient        ] : cloud exception
blackboard.plugin.cloud.ext.connection.CloudClientException: An error occurred during a GET request to /v1/ccsc/api/applications/null/associations/ce9bb794-b5f4-482a-9699-e3c5a730ed38.
	at blackboard.plugin.updates.connection.CloudRestClientImpl.lambda$exchange$0(CloudRestClientImpl.java:290)
	at java.base/java.security.AccessController.doPrivileged(Native Method)
	at blackboard.plugin.updates.connection.CloudRestClientImpl.exchange(CloudRestClientImpl.java:262)
	at blackboard.plugin.updates.connection.CloudRestClientImpl.exchange(CloudRestClientImpl.java:253)
	at com.blackboard.consulting.ccsc.service.impl.ProfileClient.doRestOp(ProfileClient.java:1524)
	at com.blackboard.consulting.ccsc.service.impl.ProfileClient.getAssociationV1V2(ProfileClient.java:763)
	at com.blackboard.consulting.gradejourney.job.GradesExtractJob.execute(GradesExtractJob.java:54)
	at org.quartz.core.JobRunShell.run(JobRunShell.java:202)
	at org.quartz.simpl.SimpleThreadPool$WorkerThread.run(SimpleThreadPool.java:573)
Caused by: org.springframework.web.client.HttpClientErrorException$NotFound: 404 Not Found: "{"status":404,"code":"ApplicationNotFoundException","message":"No application identified by 'null' was found or given version is not available for given application"}"
	at org.springframework.web.client.HttpClientErrorException.create(HttpClientErrorException.java:113)
	at org.springframework.web.client.DefaultResponseErrorHandler.handleError(DefaultResponseErrorHandler.java:168)
	at org.springframework.web.client.DefaultResponseErrorHandler.handleError(DefaultResponseErrorHandler.java:122)
	at blackboard.plugin.updates.connection.CloudClientResponseErrorHandler.handleError(CloudClientResponseErrorHandler.java:86)
	at org.springframework.web.client.ResponseErrorHandler.handleError(ResponseErrorHandler.java:63)
	at org.springframework.web.client.RestTemplate.handleResponse(RestTemplate.java:825)
	at org.springframework.web.client.RestTemplate.doExecute(RestTemplate.java:783)
	at org.springframework.web.client.RestTemplate.execute(RestTemplate.java:717)
	at org.springframework.web.client.RestTemplate.exchange(RestTemplate.java:608)
	at blackboard.plugin.updates.connection.CloudRestClientImpl.lambda$exchange$0(CloudRestClientImpl.java:271)
	... 8 common frames omitted
ERROR[2025-09-16 08:04:00][85:c.b.c.gradejourney.job.GradesExtractJob        ] : Error Loading the settings
java.lang.NullPointerException: null
	at com.blackboard.consulting.gradejourney.service.impl.GradesJourneySettingsServiceImpl.loadGjSettings(GradesJourneySettingsServiceImpl.java:134)
	at jdk.internal.reflect.GeneratedMethodAccessor734.invoke(Unknown Source)
	at java.base/jdk.internal.reflect.DelegatingMethodAccessorImpl.invoke(DelegatingMethodAccessorImpl.java:43)
	at java.base/java.lang.reflect.Method.invoke(Method.java:566)
	at org.springframework.aop.support.AopUtils.invokeJoinpointUsingReflection(AopUtils.java:344)
	at org.springframework.aop.framework.JdkDynamicAopProxy.invoke(JdkDynamicAopProxy.java:208)
	at com.sun.proxy.$Proxy2474.loadGjSettings(Unknown Source)
	at com.blackboard.consulting.gradejourney.job.GradesExtractJob.execute(GradesExtractJob.java:55)
	at org.quartz.core.JobRunShell.run(JobRunShell.java:202)
	at org.quartz.simpl.SimpleThreadPool$WorkerThread.run(SimpleThreadPool.java:573)
INFO [2025-09-16 08:06:00][46:c.b.c.gradejourney.job.GradesExtractJob        ] : == Entering execute() of Job CronGJExtract.CronGJExtractJob ==
ERROR[2025-09-16 08:06:00][485:c.b.c.core.web.rest.LtiRedirector             ] : Exception occurred in checkVersion: 
java.lang.NullPointerException: null
INFO [2025-09-16 08:06:00][844:c.b.c.ccsc.service.impl.ProfileClient         ] : Param : RedirectParam [isV2=false, signJwt=null, url=null, extId=null]
ERROR[2025-09-16 08:06:00][1529:c.b.c.ccsc.service.impl.ProfileClient        ] : cloud exception
blackboard.plugin.cloud.ext.connection.CloudClientException: An error occurred during a GET request to /v1/ccsc/api/applications/null.
	at blackboard.plugin.updates.connection.CloudRestClientImpl.lambda$exchange$0(CloudRestClientImpl.java:290)
	at java.base/java.security.AccessController.doPrivileged(Native Method)
	at blackboard.plugin.updates.connection.CloudRestClientImpl.exchange(CloudRestClientImpl.java:262)
	at blackboard.plugin.updates.connection.CloudRestClientImpl.exchange(CloudRestClientImpl.java:253)
	at com.blackboard.consulting.ccsc.service.impl.ProfileClient.doRestOp(ProfileClient.java:1524)
	at com.blackboard.consulting.ccsc.service.impl.ProfileClient.getApplicationV1V2(ProfileClient.java:849)
	at com.blackboard.consulting.gradejourney.job.GradesExtractJob.execute(GradesExtractJob.java:53)
	at org.quartz.core.JobRunShell.run(JobRunShell.java:202)
	at org.quartz.simpl.SimpleThreadPool$WorkerThread.run(SimpleThreadPool.java:573)
Caused by: org.springframework.web.client.HttpClientErrorException$NotFound: 404 Not Found: "{"status":404,"code":"ApplicationNotFoundException","message":"No application identified by 'null' was found or given version is not available for given application"}"
	at org.springframework.web.client.HttpClientErrorException.create(HttpClientErrorException.java:113)
	at org.springframework.web.client.DefaultResponseErrorHandler.handleError(DefaultResponseErrorHandler.java:168)
	at org.springframework.web.client.DefaultResponseErrorHandler.handleError(DefaultResponseErrorHandler.java:122)
	at blackboard.plugin.updates.connection.CloudClientResponseErrorHandler.handleError(CloudClientResponseErrorHandler.java:86)
	at org.springframework.web.client.ResponseErrorHandler.handleError(ResponseErrorHandler.java:63)
	at org.springframework.web.client.RestTemplate.handleResponse(RestTemplate.java:825)
	at org.springframework.web.client.RestTemplate.doExecute(RestTemplate.java:783)
	at org.springframework.web.client.RestTemplate.execute(RestTemplate.java:717)
	at org.springframework.web.client.RestTemplate.exchange(RestTemplate.java:608)
	at blackboard.plugin.updates.connection.CloudRestClientImpl.lambda$exchange$0(CloudRestClientImpl.java:271)
	... 8 common frames omitted
ERROR[2025-09-16 08:06:00][485:c.b.c.core.web.rest.LtiRedirector             ] : Exception occurred in checkVersion: 
java.lang.NullPointerException: null
ERROR[2025-09-16 08:06:00][1529:c.b.c.ccsc.service.impl.ProfileClient        ] : cloud exception
blackboard.plugin.cloud.ext.connection.CloudClientException: An error occurred during a GET request to /v1/ccsc/api/applications/null/associations/ce9bb794-b5f4-482a-9699-e3c5a730ed38.
	at blackboard.plugin.updates.connection.CloudRestClientImpl.lambda$exchange$0(CloudRestClientImpl.java:290)
	at java.base/java.security.AccessController.doPrivileged(Native Method)
	at blackboard.plugin.updates.connection.CloudRestClientImpl.exchange(CloudRestClientImpl.java:262)
	at blackboard.plugin.updates.connection.CloudRestClientImpl.exchange(CloudRestClientImpl.java:253)
	at com.blackboard.consulting.ccsc.service.impl.ProfileClient.doRestOp(ProfileClient.java:1524)
	at com.blackboard.consulting.ccsc.service.impl.ProfileClient.getAssociationV1V2(ProfileClient.java:763)
	at com.blackboard.consulting.gradejourney.job.GradesExtractJob.execute(GradesExtractJob.java:54)
	at org.quartz.core.JobRunShell.run(JobRunShell.java:202)
	at org.quartz.simpl.SimpleThreadPool$WorkerThread.run(SimpleThreadPool.java:573)
Caused by: org.springframework.web.client.HttpClientErrorException$NotFound: 404 Not Found: "{"status":404,"code":"ApplicationNotFoundException","message":"No application identified by 'null' was found or given version is not available for given application"}"
	at org.springframework.web.client.HttpClientErrorException.create(HttpClientErrorException.java:113)
	at org.springframework.web.client.DefaultResponseErrorHandler.handleError(DefaultResponseErrorHandler.java:168)
	at org.springframework.web.client.DefaultResponseErrorHandler.handleError(DefaultResponseErrorHandler.java:122)
	at blackboard.plugin.updates.connection.CloudClientResponseErrorHandler.handleError(CloudClientResponseErrorHandler.java:86)
	at org.springframework.web.client.ResponseErrorHandler.handleError(ResponseErrorHandler.java:63)
	at org.springframework.web.client.RestTemplate.handleResponse(RestTemplate.java:825)
	at org.springframework.web.client.RestTemplate.doExecute(RestTemplate.java:783)
	at org.springframework.web.client.RestTemplate.execute(RestTemplate.java:717)
	at org.springframework.web.client.RestTemplate.exchange(RestTemplate.java:608)
	at blackboard.plugin.updates.connection.CloudRestClientImpl.lambda$exchange$0(CloudRestClientImpl.java:271)
	... 8 common frames omitted
ERROR[2025-09-16 08:06:00][85:c.b.c.gradejourney.job.GradesExtractJob        ] : Error Loading the settings
java.lang.NullPointerException: null
	at com.blackboard.consulting.gradejourney.service.impl.GradesJourneySettingsServiceImpl.loadGjSettings(GradesJourneySettingsServiceImpl.java:134)
	at jdk.internal.reflect.GeneratedMethodAccessor734.invoke(Unknown Source)
	at java.base/jdk.internal.reflect.DelegatingMethodAccessorImpl.invoke(DelegatingMethodAccessorImpl.java:43)
	at java.base/java.lang.reflect.Method.invoke(Method.java:566)
	at org.springframework.aop.support.AopUtils.invokeJoinpointUsingReflection(AopUtils.java:344)
	at org.springframework.aop.framework.JdkDynamicAopProxy.invoke(JdkDynamicAopProxy.java:208)
	at com.sun.proxy.$Proxy2474.loadGjSettings(Unknown Source)
	at com.blackboard.consulting.gradejourney.job.GradesExtractJob.execute(GradesExtractJob.java:55)
	at org.quartz.core.JobRunShell.run(JobRunShell.java:202)
	at org.quartz.simpl.SimpleThreadPool$WorkerThread.run(SimpleThreadPool.java:573)
INFO [2025-09-16 08:08:00][46:c.b.c.gradejourney.job.GradesExtractJob        ] : == Entering execute() of Job CronGJExtract.CronGJExtractJob ==
ERROR[2025-09-16 08:08:00][485:c.b.c.core.web.rest.LtiRedirector             ] : Exception occurred in checkVersion: 
java.lang.NullPointerException: null
INFO [2025-09-16 08:08:00][844:c.b.c.ccsc.service.impl.ProfileClient         ] : Param : RedirectParam [isV2=false, signJwt=null, url=null, extId=null]
ERROR[2025-09-16 08:08:00][1529:c.b.c.ccsc.service.impl.ProfileClient        ] : cloud exception
blackboard.plugin.cloud.ext.connection.CloudClientException: An error occurred during a GET request to /v1/ccsc/api/applications/null.
	at blackboard.plugin.updates.connection.CloudRestClientImpl.lambda$exchange$0(CloudRestClientImpl.java:290)
	at java.base/java.security.AccessController.doPrivileged(Native Method)
	at blackboard.plugin.updates.connection.CloudRestClientImpl.exchange(CloudRestClientImpl.java:262)
	at blackboard.plugin.updates.connection.CloudRestClientImpl.exchange(CloudRestClientImpl.java:253)
	at com.blackboard.consulting.ccsc.service.impl.ProfileClient.doRestOp(ProfileClient.java:1524)
	at com.blackboard.consulting.ccsc.service.impl.ProfileClient.getApplicationV1V2(ProfileClient.java:849)
	at com.blackboard.consulting.gradejourney.job.GradesExtractJob.execute(GradesExtractJob.java:53)
	at org.quartz.core.JobRunShell.run(JobRunShell.java:202)
	at org.quartz.simpl.SimpleThreadPool$WorkerThread.run(SimpleThreadPool.java:573)
Caused by: org.springframework.web.client.HttpClientErrorException$NotFound: 404 Not Found: "{"status":404,"code":"ApplicationNotFoundException","message":"No application identified by 'null' was found or given version is not available for given application"}"
	at org.springframework.web.client.HttpClientErrorException.create(HttpClientErrorException.java:113)
	at org.springframework.web.client.DefaultResponseErrorHandler.handleError(DefaultResponseErrorHandler.java:168)
	at org.springframework.web.client.DefaultResponseErrorHandler.handleError(DefaultResponseErrorHandler.java:122)
	at blackboard.plugin.updates.connection.CloudClientResponseErrorHandler.handleError(CloudClientResponseErrorHandler.java:86)
	at org.springframework.web.client.ResponseErrorHandler.handleError(ResponseErrorHandler.java:63)
	at org.springframework.web.client.RestTemplate.handleResponse(RestTemplate.java:825)
	at org.springframework.web.client.RestTemplate.doExecute(RestTemplate.java:783)
	at org.springframework.web.client.RestTemplate.execute(RestTemplate.java:717)
	at org.springframework.web.client.RestTemplate.exchange(RestTemplate.java:608)
	at blackboard.plugin.updates.connection.CloudRestClientImpl.lambda$exchange$0(CloudRestClientImpl.java:271)
	... 8 common frames omitted
ERROR[2025-09-16 08:08:00][485:c.b.c.core.web.rest.LtiRedirector             ] : Exception occurred in checkVersion: 
java.lang.NullPointerException: null
ERROR[2025-09-16 08:08:00][1529:c.b.c.ccsc.service.impl.ProfileClient        ] : cloud exception
blackboard.plugin.cloud.ext.connection.CloudClientException: An error occurred during a GET request to /v1/ccsc/api/applications/null/associations/ce9bb794-b5f4-482a-9699-e3c5a730ed38.
	at blackboard.plugin.updates.connection.CloudRestClientImpl.lambda$exchange$0(CloudRestClientImpl.java:290)
	at java.base/java.security.AccessController.doPrivileged(Native Method)
	at blackboard.plugin.updates.connection.CloudRestClientImpl.exchange(CloudRestClientImpl.java:262)
	at blackboard.plugin.updates.connection.CloudRestClientImpl.exchange(CloudRestClientImpl.java:253)
	at com.blackboard.consulting.ccsc.service.impl.ProfileClient.doRestOp(ProfileClient.java:1524)
	at com.blackboard.consulting.ccsc.service.impl.ProfileClient.getAssociationV1V2(ProfileClient.java:763)
	at com.blackboard.consulting.gradejourney.job.GradesExtractJob.execute(GradesExtractJob.java:54)
	at org.quartz.core.JobRunShell.run(JobRunShell.java:202)
	at org.quartz.simpl.SimpleThreadPool$WorkerThread.run(SimpleThreadPool.java:573)
Caused by: org.springframework.web.client.HttpClientErrorException$NotFound: 404 Not Found: "{"status":404,"code":"ApplicationNotFoundException","message":"No application identified by 'null' was found or given version is not available for given application"}"
	at org.springframework.web.client.HttpClientErrorException.create(HttpClientErrorException.java:113)
	at org.springframework.web.client.DefaultResponseErrorHandler.handleError(DefaultResponseErrorHandler.java:168)
	at org.springframework.web.client.DefaultResponseErrorHandler.handleError(DefaultResponseErrorHandler.java:122)
	at blackboard.plugin.updates.connection.CloudClientResponseErrorHandler.handleError(CloudClientResponseErrorHandler.java:86)
	at org.springframework.web.client.ResponseErrorHandler.handleError(ResponseErrorHandler.java:63)
	at org.springframework.web.client.RestTemplate.handleResponse(RestTemplate.java:825)
	at org.springframework.web.client.RestTemplate.doExecute(RestTemplate.java:783)
	at org.springframework.web.client.RestTemplate.execute(RestTemplate.java:717)
	at org.springframework.web.client.RestTemplate.exchange(RestTemplate.java:608)
	at blackboard.plugin.updates.connection.CloudRestClientImpl.lambda$exchange$0(CloudRestClientImpl.java:271)
	... 8 common frames omitted
ERROR[2025-09-16 08:08:00][85:c.b.c.gradejourney.job.GradesExtractJob        ] : Error Loading the settings
java.lang.NullPointerException: null
	at com.blackboard.consulting.gradejourney.service.impl.GradesJourneySettingsServiceImpl.loadGjSettings(GradesJourneySettingsServiceImpl.java:134)
	at jdk.internal.reflect.GeneratedMethodAccessor734.invoke(Unknown Source)
	at java.base/jdk.internal.reflect.DelegatingMethodAccessorImpl.invoke(DelegatingMethodAccessorImpl.java:43)
	at java.base/java.lang.reflect.Method.invoke(Method.java:566)
	at org.springframework.aop.support.AopUtils.invokeJoinpointUsingReflection(AopUtils.java:344)
	at org.springframework.aop.framework.JdkDynamicAopProxy.invoke(JdkDynamicAopProxy.java:208)
	at com.sun.proxy.$Proxy2474.loadGjSettings(Unknown Source)
	at com.blackboard.consulting.gradejourney.job.GradesExtractJob.execute(GradesExtractJob.java:55)
	at org.quartz.core.JobRunShell.run(JobRunShell.java:202)
	at org.quartz.simpl.SimpleThreadPool$WorkerThread.run(SimpleThreadPool.java:573)
INFO [2025-09-16 08:10:00][46:c.b.c.gradejourney.job.GradesExtractJob        ] : == Entering execute() of Job CronGJExtract.CronGJExtractJob ==
ERROR[2025-09-16 08:10:00][485:c.b.c.core.web.rest.LtiRedirector             ] : Exception occurred in checkVersion: 
java.lang.NullPointerException: null
INFO [2025-09-16 08:10:00][844:c.b.c.ccsc.service.impl.ProfileClient         ] : Param : RedirectParam [isV2=false, signJwt=null, url=null, extId=null]
ERROR[2025-09-16 08:10:00][1529:c.b.c.ccsc.service.impl.ProfileClient        ] : cloud exception
blackboard.plugin.cloud.ext.connection.CloudClientException: An error occurred during a GET request to /v1/ccsc/api/applications/null.
	at blackboard.plugin.updates.connection.CloudRestClientImpl.lambda$exchange$0(CloudRestClientImpl.java:290)
	at java.base/java.security.AccessController.doPrivileged(Native Method)
	at blackboard.plugin.updates.connection.CloudRestClientImpl.exchange(CloudRestClientImpl.java:262)
	at blackboard.plugin.updates.connection.CloudRestClientImpl.exchange(CloudRestClientImpl.java:253)
	at com.blackboard.consulting.ccsc.service.impl.ProfileClient.doRestOp(ProfileClient.java:1524)
	at com.blackboard.consulting.ccsc.service.impl.ProfileClient.getApplicationV1V2(ProfileClient.java:849)
	at com.blackboard.consulting.gradejourney.job.GradesExtractJob.execute(GradesExtractJob.java:53)
	at org.quartz.core.JobRunShell.run(JobRunShell.java:202)
	at org.quartz.simpl.SimpleThreadPool$WorkerThread.run(SimpleThreadPool.java:573)
Caused by: org.springframework.web.client.HttpClientErrorException$NotFound: 404 Not Found: "{"status":404,"code":"ApplicationNotFoundException","message":"No application identified by 'null' was found or given version is not available for given application"}"
	at org.springframework.web.client.HttpClientErrorException.create(HttpClientErrorException.java:113)
	at org.springframework.web.client.DefaultResponseErrorHandler.handleError(DefaultResponseErrorHandler.java:168)
	at org.springframework.web.client.DefaultResponseErrorHandler.handleError(DefaultResponseErrorHandler.java:122)
	at blackboard.plugin.updates.connection.CloudClientResponseErrorHandler.handleError(CloudClientResponseErrorHandler.java:86)
	at org.springframework.web.client.ResponseErrorHandler.handleError(ResponseErrorHandler.java:63)
	at org.springframework.web.client.RestTemplate.handleResponse(RestTemplate.java:825)
	at org.springframework.web.client.RestTemplate.doExecute(RestTemplate.java:783)
	at org.springframework.web.client.RestTemplate.execute(RestTemplate.java:717)
	at org.springframework.web.client.RestTemplate.exchange(RestTemplate.java:608)
	at blackboard.plugin.updates.connection.CloudRestClientImpl.lambda$exchange$0(CloudRestClientImpl.java:271)
	... 8 common frames omitted
ERROR[2025-09-16 08:10:00][485:c.b.c.core.web.rest.LtiRedirector             ] : Exception occurred in checkVersion: 
java.lang.NullPointerException: null
ERROR[2025-09-16 08:10:00][1529:c.b.c.ccsc.service.impl.ProfileClient        ] : cloud exception
blackboard.plugin.cloud.ext.connection.CloudClientException: An error occurred during a GET request to /v1/ccsc/api/applications/null/associations/ce9bb794-b5f4-482a-9699-e3c5a730ed38.
	at blackboard.plugin.updates.connection.CloudRestClientImpl.lambda$exchange$0(CloudRestClientImpl.java:290)
	at java.base/java.security.AccessController.doPrivileged(Native Method)
	at blackboard.plugin.updates.connection.CloudRestClientImpl.exchange(CloudRestClientImpl.java:262)
	at blackboard.plugin.updates.connection.CloudRestClientImpl.exchange(CloudRestClientImpl.java:253)
	at com.blackboard.consulting.ccsc.service.impl.ProfileClient.doRestOp(ProfileClient.java:1524)
	at com.blackboard.consulting.ccsc.service.impl.ProfileClient.getAssociationV1V2(ProfileClient.java:763)
	at com.blackboard.consulting.gradejourney.job.GradesExtractJob.execute(GradesExtractJob.java:54)
	at org.quartz.core.JobRunShell.run(JobRunShell.java:202)
	at org.quartz.simpl.SimpleThreadPool$WorkerThread.run(SimpleThreadPool.java:573)
Caused by: org.springframework.web.client.HttpClientErrorException$NotFound: 404 Not Found: "{"status":404,"code":"ApplicationNotFoundException","message":"No application identified by 'null' was found or given version is not available for given application"}"
	at org.springframework.web.client.HttpClientErrorException.create(HttpClientErrorException.java:113)
	at org.springframework.web.client.DefaultResponseErrorHandler.handleError(DefaultResponseErrorHandler.java:168)
	at org.springframework.web.client.DefaultResponseErrorHandler.handleError(DefaultResponseErrorHandler.java:122)
	at blackboard.plugin.updates.connection.CloudClientResponseErrorHandler.handleError(CloudClientResponseErrorHandler.java:86)
	at org.springframework.web.client.ResponseErrorHandler.handleError(ResponseErrorHandler.java:63)
	at org.springframework.web.client.RestTemplate.handleResponse(RestTemplate.java:825)
	at org.springframework.web.client.RestTemplate.doExecute(RestTemplate.java:783)
	at org.springframework.web.client.RestTemplate.execute(RestTemplate.java:717)
	at org.springframework.web.client.RestTemplate.exchange(RestTemplate.java:608)
	at blackboard.plugin.updates.connection.CloudRestClientImpl.lambda$exchange$0(CloudRestClientImpl.java:271)
	... 8 common frames omitted
ERROR[2025-09-16 08:10:00][85:c.b.c.gradejourney.job.GradesExtractJob        ] : Error Loading the settings
java.lang.NullPointerException: null
	at com.blackboard.consulting.gradejourney.service.impl.GradesJourneySettingsServiceImpl.loadGjSettings(GradesJourneySettingsServiceImpl.java:134)
	at jdk.internal.reflect.GeneratedMethodAccessor734.invoke(Unknown Source)
	at java.base/jdk.internal.reflect.DelegatingMethodAccessorImpl.invoke(DelegatingMethodAccessorImpl.java:43)
	at java.base/java.lang.reflect.Method.invoke(Method.java:566)
	at org.springframework.aop.support.AopUtils.invokeJoinpointUsingReflection(AopUtils.java:344)
	at org.springframework.aop.framework.JdkDynamicAopProxy.invoke(JdkDynamicAopProxy.java:208)
	at com.sun.proxy.$Proxy2474.loadGjSettings(Unknown Source)
	at com.blackboard.consulting.gradejourney.job.GradesExtractJob.execute(GradesExtractJob.java:55)
	at org.quartz.core.JobRunShell.run(JobRunShell.java:202)
	at org.quartz.simpl.SimpleThreadPool$WorkerThread.run(SimpleThreadPool.java:573)
INFO [2025-09-16 08:12:00][46:c.b.c.gradejourney.job.GradesExtractJob        ] : == Entering execute() of Job CronGJExtract.CronGJExtractJob ==
ERROR[2025-09-16 08:12:00][485:c.b.c.core.web.rest.LtiRedirector             ] : Exception occurred in checkVersion: 
java.lang.NullPointerException: null
INFO [2025-09-16 08:12:00][844:c.b.c.ccsc.service.impl.ProfileClient         ] : Param : RedirectParam [isV2=false, signJwt=null, url=null, extId=null]
ERROR[2025-09-16 08:12:00][1529:c.b.c.ccsc.service.impl.ProfileClient        ] : cloud exception
blackboard.plugin.cloud.ext.connection.CloudClientException: An error occurred during a GET request to /v1/ccsc/api/applications/null.
	at blackboard.plugin.updates.connection.CloudRestClientImpl.lambda$exchange$0(CloudRestClientImpl.java:290)
	at java.base/java.security.AccessController.doPrivileged(Native Method)
	at blackboard.plugin.updates.connection.CloudRestClientImpl.exchange(CloudRestClientImpl.java:262)
	at blackboard.plugin.updates.connection.CloudRestClientImpl.exchange(CloudRestClientImpl.java:253)
	at com.blackboard.consulting.ccsc.service.impl.ProfileClient.doRestOp(ProfileClient.java:1524)
	at com.blackboard.consulting.ccsc.service.impl.ProfileClient.getApplicationV1V2(ProfileClient.java:849)
	at com.blackboard.consulting.gradejourney.job.GradesExtractJob.execute(GradesExtractJob.java:53)
	at org.quartz.core.JobRunShell.run(JobRunShell.java:202)
	at org.quartz.simpl.SimpleThreadPool$WorkerThread.run(SimpleThreadPool.java:573)
Caused by: org.springframework.web.client.HttpClientErrorException$NotFound: 404 Not Found: "{"status":404,"code":"ApplicationNotFoundException","message":"No application identified by 'null' was found or given version is not available for given application"}"
	at org.springframework.web.client.HttpClientErrorException.create(HttpClientErrorException.java:113)
	at org.springframework.web.client.DefaultResponseErrorHandler.handleError(DefaultResponseErrorHandler.java:168)
	at org.springframework.web.client.DefaultResponseErrorHandler.handleError(DefaultResponseErrorHandler.java:122)
	at blackboard.plugin.updates.connection.CloudClientResponseErrorHandler.handleError(CloudClientResponseErrorHandler.java:86)
	at org.springframework.web.client.ResponseErrorHandler.handleError(ResponseErrorHandler.java:63)
	at org.springframework.web.client.RestTemplate.handleResponse(RestTemplate.java:825)
	at org.springframework.web.client.RestTemplate.doExecute(RestTemplate.java:783)
	at org.springframework.web.client.RestTemplate.execute(RestTemplate.java:717)
	at org.springframework.web.client.RestTemplate.exchange(RestTemplate.java:608)
	at blackboard.plugin.updates.connection.CloudRestClientImpl.lambda$exchange$0(CloudRestClientImpl.java:271)
	... 8 common frames omitted
ERROR[2025-09-16 08:12:00][485:c.b.c.core.web.rest.LtiRedirector             ] : Exception occurred in checkVersion: 
java.lang.NullPointerException: null
ERROR[2025-09-16 08:12:00][1529:c.b.c.ccsc.service.impl.ProfileClient        ] : cloud exception
blackboard.plugin.cloud.ext.connection.CloudClientException: An error occurred during a GET request to /v1/ccsc/api/applications/null/associations/ce9bb794-b5f4-482a-9699-e3c5a730ed38.
	at blackboard.plugin.updates.connection.CloudRestClientImpl.lambda$exchange$0(CloudRestClientImpl.java:290)
	at java.base/java.security.AccessController.doPrivileged(Native Method)
	at blackboard.plugin.updates.connection.CloudRestClientImpl.exchange(CloudRestClientImpl.java:262)
	at blackboard.plugin.updates.connection.CloudRestClientImpl.exchange(CloudRestClientImpl.java:253)
	at com.blackboard.consulting.ccsc.service.impl.ProfileClient.doRestOp(ProfileClient.java:1524)
	at com.blackboard.consulting.ccsc.service.impl.ProfileClient.getAssociationV1V2(ProfileClient.java:763)
	at com.blackboard.consulting.gradejourney.job.GradesExtractJob.execute(GradesExtractJob.java:54)
	at org.quartz.core.JobRunShell.run(JobRunShell.java:202)
	at org.quartz.simpl.SimpleThreadPool$WorkerThread.run(SimpleThreadPool.java:573)
Caused by: org.springframework.web.client.HttpClientErrorException$NotFound: 404 Not Found: "{"status":404,"code":"ApplicationNotFoundException","message":"No application identified by 'null' was found or given version is not available for given application"}"
	at org.springframework.web.client.HttpClientErrorException.create(HttpClientErrorException.java:113)
	at org.springframework.web.client.DefaultResponseErrorHandler.handleError(DefaultResponseErrorHandler.java:168)
	at org.springframework.web.client.DefaultResponseErrorHandler.handleError(DefaultResponseErrorHandler.java:122)
	at blackboard.plugin.updates.connection.CloudClientResponseErrorHandler.handleError(CloudClientResponseErrorHandler.java:86)
	at org.springframework.web.client.ResponseErrorHandler.handleError(ResponseErrorHandler.java:63)
	at org.springframework.web.client.RestTemplate.handleResponse(RestTemplate.java:825)
	at org.springframework.web.client.RestTemplate.doExecute(RestTemplate.java:783)
	at org.springframework.web.client.RestTemplate.execute(RestTemplate.java:717)
	at org.springframework.web.client.RestTemplate.exchange(RestTemplate.java:608)
	at blackboard.plugin.updates.connection.CloudRestClientImpl.lambda$exchange$0(CloudRestClientImpl.java:271)
	... 8 common frames omitted
ERROR[2025-09-16 08:12:00][85:c.b.c.gradejourney.job.GradesExtractJob        ] : Error Loading the settings
java.lang.NullPointerException: null
	at com.blackboard.consulting.gradejourney.service.impl.GradesJourneySettingsServiceImpl.loadGjSettings(GradesJourneySettingsServiceImpl.java:134)
	at jdk.internal.reflect.GeneratedMethodAccessor734.invoke(Unknown Source)
	at java.base/jdk.internal.reflect.DelegatingMethodAccessorImpl.invoke(DelegatingMethodAccessorImpl.java:43)
	at java.base/java.lang.reflect.Method.invoke(Method.java:566)
	at org.springframework.aop.support.AopUtils.invokeJoinpointUsingReflection(AopUtils.java:344)
	at org.springframework.aop.framework.JdkDynamicAopProxy.invoke(JdkDynamicAopProxy.java:208)
	at com.sun.proxy.$Proxy2474.loadGjSettings(Unknown Source)
	at com.blackboard.consulting.gradejourney.job.GradesExtractJob.execute(GradesExtractJob.java:55)
	at org.quartz.core.JobRunShell.run(JobRunShell.java:202)
	at org.quartz.simpl.SimpleThreadPool$WorkerThread.run(SimpleThreadPool.java:573)
INFO [2025-09-16 08:15:00][46:c.b.c.gradejourney.job.GradesExtractJob        ] : == Entering execute() of Job CronGJExtract.CronGJExtractJob ==
ERROR[2025-09-16 08:15:00][485:c.b.c.core.web.rest.LtiRedirector             ] : Exception occurred in checkVersion: 
java.lang.NullPointerException: null
INFO [2025-09-16 08:15:00][844:c.b.c.ccsc.service.impl.ProfileClient         ] : Param : RedirectParam [isV2=false, signJwt=null, url=null, extId=null]
ERROR[2025-09-16 08:15:00][1529:c.b.c.ccsc.service.impl.ProfileClient        ] : cloud exception
blackboard.plugin.cloud.ext.connection.CloudClientException: An error occurred during a GET request to /v1/ccsc/api/applications/null.
	at blackboard.plugin.updates.connection.CloudRestClientImpl.lambda$exchange$0(CloudRestClientImpl.java:290)
	at java.base/java.security.AccessController.doPrivileged(Native Method)
	at blackboard.plugin.updates.connection.CloudRestClientImpl.exchange(CloudRestClientImpl.java:262)
	at blackboard.plugin.updates.connection.CloudRestClientImpl.exchange(CloudRestClientImpl.java:253)
	at com.blackboard.consulting.ccsc.service.impl.ProfileClient.doRestOp(ProfileClient.java:1524)
	at com.blackboard.consulting.ccsc.service.impl.ProfileClient.getApplicationV1V2(ProfileClient.java:849)
	at com.blackboard.consulting.gradejourney.job.GradesExtractJob.execute(GradesExtractJob.java:53)
	at org.quartz.core.JobRunShell.run(JobRunShell.java:202)
	at org.quartz.simpl.SimpleThreadPool$WorkerThread.run(SimpleThreadPool.java:573)
Caused by: org.springframework.web.client.HttpClientErrorException$NotFound: 404 Not Found: "{"status":404,"code":"ApplicationNotFoundException","message":"No application identified by 'null' was found or given version is not available for given application"}"
	at org.springframework.web.client.HttpClientErrorException.create(HttpClientErrorException.java:113)
	at org.springframework.web.client.DefaultResponseErrorHandler.handleError(DefaultResponseErrorHandler.java:168)
	at org.springframework.web.client.DefaultResponseErrorHandler.handleError(DefaultResponseErrorHandler.java:122)
	at blackboard.plugin.updates.connection.CloudClientResponseErrorHandler.handleError(CloudClientResponseErrorHandler.java:86)
	at org.springframework.web.client.ResponseErrorHandler.handleError(ResponseErrorHandler.java:63)
	at org.springframework.web.client.RestTemplate.handleResponse(RestTemplate.java:825)
	at org.springframework.web.client.RestTemplate.doExecute(RestTemplate.java:783)
	at org.springframework.web.client.RestTemplate.execute(RestTemplate.java:717)
	at org.springframework.web.client.RestTemplate.exchange(RestTemplate.java:608)
	at blackboard.plugin.updates.connection.CloudRestClientImpl.lambda$exchange$0(CloudRestClientImpl.java:271)
	... 8 common frames omitted
ERROR[2025-09-16 08:15:00][485:c.b.c.core.web.rest.LtiRedirector             ] : Exception occurred in checkVersion: 
java.lang.NullPointerException: null
ERROR[2025-09-16 08:15:00][1529:c.b.c.ccsc.service.impl.ProfileClient        ] : cloud exception
blackboard.plugin.cloud.ext.connection.CloudClientException: An error occurred during a GET request to /v1/ccsc/api/applications/null/associations/ce9bb794-b5f4-482a-9699-e3c5a730ed38.
	at blackboard.plugin.updates.connection.CloudRestClientImpl.lambda$exchange$0(CloudRestClientImpl.java:290)
	at java.base/java.security.AccessController.doPrivileged(Native Method)
	at blackboard.plugin.updates.connection.CloudRestClientImpl.exchange(CloudRestClientImpl.java:262)
	at blackboard.plugin.updates.connection.CloudRestClientImpl.exchange(CloudRestClientImpl.java:253)
	at com.blackboard.consulting.ccsc.service.impl.ProfileClient.doRestOp(ProfileClient.java:1524)
	at com.blackboard.consulting.ccsc.service.impl.ProfileClient.getAssociationV1V2(ProfileClient.java:763)
	at com.blackboard.consulting.gradejourney.job.GradesExtractJob.execute(GradesExtractJob.java:54)
	at org.quartz.core.JobRunShell.run(JobRunShell.java:202)
	at org.quartz.simpl.SimpleThreadPool$WorkerThread.run(SimpleThreadPool.java:573)
Caused by: org.springframework.web.client.HttpClientErrorException$NotFound: 404 Not Found: "{"status":404,"code":"ApplicationNotFoundException","message":"No application identified by 'null' was found or given version is not available for given application"}"
	at org.springframework.web.client.HttpClientErrorException.create(HttpClientErrorException.java:113)
	at org.springframework.web.client.DefaultResponseErrorHandler.handleError(DefaultResponseErrorHandler.java:168)
	at org.springframework.web.client.DefaultResponseErrorHandler.handleError(DefaultResponseErrorHandler.java:122)
	at blackboard.plugin.updates.connection.CloudClientResponseErrorHandler.handleError(CloudClientResponseErrorHandler.java:86)
	at org.springframework.web.client.ResponseErrorHandler.handleError(ResponseErrorHandler.java:63)
	at org.springframework.web.client.RestTemplate.handleResponse(RestTemplate.java:825)
	at org.springframework.web.client.RestTemplate.doExecute(RestTemplate.java:783)
	at org.springframework.web.client.RestTemplate.execute(RestTemplate.java:717)
	at org.springframework.web.client.RestTemplate.exchange(RestTemplate.java:608)
	at blackboard.plugin.updates.connection.CloudRestClientImpl.lambda$exchange$0(CloudRestClientImpl.java:271)
	... 8 common frames omitted
ERROR[2025-09-16 08:15:00][85:c.b.c.gradejourney.job.GradesExtractJob        ] : Error Loading the settings
java.lang.NullPointerException: null
	at com.blackboard.consulting.gradejourney.service.impl.GradesJourneySettingsServiceImpl.loadGjSettings(GradesJourneySettingsServiceImpl.java:134)
	at jdk.internal.reflect.GeneratedMethodAccessor734.invoke(Unknown Source)
	at java.base/jdk.internal.reflect.DelegatingMethodAccessorImpl.invoke(DelegatingMethodAccessorImpl.java:43)
	at java.base/java.lang.reflect.Method.invoke(Method.java:566)
	at org.springframework.aop.support.AopUtils.invokeJoinpointUsingReflection(AopUtils.java:344)
	at org.springframework.aop.framework.JdkDynamicAopProxy.invoke(JdkDynamicAopProxy.java:208)
	at com.sun.proxy.$Proxy2474.loadGjSettings(Unknown Source)
	at com.blackboard.consulting.gradejourney.job.GradesExtractJob.execute(GradesExtractJob.java:55)
	at org.quartz.core.JobRunShell.run(JobRunShell.java:202)
	at org.quartz.simpl.SimpleThreadPool$WorkerThread.run(SimpleThreadPool.java:573)
INFO [2025-09-16 08:17:00][46:c.b.c.gradejourney.job.GradesExtractJob        ] : == Entering execute() of Job CronGJExtract.CronGJExtractJob ==
ERROR[2025-09-16 08:17:00][485:c.b.c.core.web.rest.LtiRedirector             ] : Exception occurred in checkVersion: 
java.lang.NullPointerException: null
INFO [2025-09-16 08:17:00][844:c.b.c.ccsc.service.impl.ProfileClient         ] : Param : RedirectParam [isV2=false, signJwt=null, url=null, extId=null]
ERROR[2025-09-16 08:17:00][1529:c.b.c.ccsc.service.impl.ProfileClient        ] : cloud exception
blackboard.plugin.cloud.ext.connection.CloudClientException: An error occurred during a GET request to /v1/ccsc/api/applications/null.
	at blackboard.plugin.updates.connection.CloudRestClientImpl.lambda$exchange$0(CloudRestClientImpl.java:290)
	at java.base/java.security.AccessController.doPrivileged(Native Method)
	at blackboard.plugin.updates.connection.CloudRestClientImpl.exchange(CloudRestClientImpl.java:262)
	at blackboard.plugin.updates.connection.CloudRestClientImpl.exchange(CloudRestClientImpl.java:253)
	at com.blackboard.consulting.ccsc.service.impl.ProfileClient.doRestOp(ProfileClient.java:1524)
	at com.blackboard.consulting.ccsc.service.impl.ProfileClient.getApplicationV1V2(ProfileClient.java:849)
	at com.blackboard.consulting.gradejourney.job.GradesExtractJob.execute(GradesExtractJob.java:53)
	at org.quartz.core.JobRunShell.run(JobRunShell.java:202)
	at org.quartz.simpl.SimpleThreadPool$WorkerThread.run(SimpleThreadPool.java:573)
Caused by: org.springframework.web.client.HttpClientErrorException$NotFound: 404 Not Found: "{"status":404,"code":"ApplicationNotFoundException","message":"No application identified by 'null' was found or given version is not available for given application"}"
	at org.springframework.web.client.HttpClientErrorException.create(HttpClientErrorException.java:113)
	at org.springframework.web.client.DefaultResponseErrorHandler.handleError(DefaultResponseErrorHandler.java:168)
	at org.springframework.web.client.DefaultResponseErrorHandler.handleError(DefaultResponseErrorHandler.java:122)
	at blackboard.plugin.updates.connection.CloudClientResponseErrorHandler.handleError(CloudClientResponseErrorHandler.java:86)
	at org.springframework.web.client.ResponseErrorHandler.handleError(ResponseErrorHandler.java:63)
	at org.springframework.web.client.RestTemplate.handleResponse(RestTemplate.java:825)
	at org.springframework.web.client.RestTemplate.doExecute(RestTemplate.java:783)
	at org.springframework.web.client.RestTemplate.execute(RestTemplate.java:717)
	at org.springframework.web.client.RestTemplate.exchange(RestTemplate.java:608)
	at blackboard.plugin.updates.connection.CloudRestClientImpl.lambda$exchange$0(CloudRestClientImpl.java:271)
	... 8 common frames omitted
ERROR[2025-09-16 08:17:00][485:c.b.c.core.web.rest.LtiRedirector             ] : Exception occurred in checkVersion: 
java.lang.NullPointerException: null
ERROR[2025-09-16 08:17:00][1529:c.b.c.ccsc.service.impl.ProfileClient        ] : cloud exception
blackboard.plugin.cloud.ext.connection.CloudClientException: An error occurred during a GET request to /v1/ccsc/api/applications/null/associations/ce9bb794-b5f4-482a-9699-e3c5a730ed38.
	at blackboard.plugin.updates.connection.CloudRestClientImpl.lambda$exchange$0(CloudRestClientImpl.java:290)
	at java.base/java.security.AccessController.doPrivileged(Native Method)
	at blackboard.plugin.updates.connection.CloudRestClientImpl.exchange(CloudRestClientImpl.java:262)
	at blackboard.plugin.updates.connection.CloudRestClientImpl.exchange(CloudRestClientImpl.java:253)
	at com.blackboard.consulting.ccsc.service.impl.ProfileClient.doRestOp(ProfileClient.java:1524)
	at com.blackboard.consulting.ccsc.service.impl.ProfileClient.getAssociationV1V2(ProfileClient.java:763)
	at com.blackboard.consulting.gradejourney.job.GradesExtractJob.execute(GradesExtractJob.java:54)
	at org.quartz.core.JobRunShell.run(JobRunShell.java:202)
	at org.quartz.simpl.SimpleThreadPool$WorkerThread.run(SimpleThreadPool.java:573)
Caused by: org.springframework.web.client.HttpClientErrorException$NotFound: 404 Not Found: "{"status":404,"code":"ApplicationNotFoundException","message":"No application identified by 'null' was found or given version is not available for given application"}"
	at org.springframework.web.client.HttpClientErrorException.create(HttpClientErrorException.java:113)
	at org.springframework.web.client.DefaultResponseErrorHandler.handleError(DefaultResponseErrorHandler.java:168)
	at org.springframework.web.client.DefaultResponseErrorHandler.handleError(DefaultResponseErrorHandler.java:122)
	at blackboard.plugin.updates.connection.CloudClientResponseErrorHandler.handleError(CloudClientResponseErrorHandler.java:86)
	at org.springframework.web.client.ResponseErrorHandler.handleError(ResponseErrorHandler.java:63)
	at org.springframework.web.client.RestTemplate.handleResponse(RestTemplate.java:825)
	at org.springframework.web.client.RestTemplate.doExecute(RestTemplate.java:783)
	at org.springframework.web.client.RestTemplate.execute(RestTemplate.java:717)
	at org.springframework.web.client.RestTemplate.exchange(RestTemplate.java:608)
	at blackboard.plugin.updates.connection.CloudRestClientImpl.lambda$exchange$0(CloudRestClientImpl.java:271)
	... 8 common frames omitted
ERROR[2025-09-16 08:17:00][85:c.b.c.gradejourney.job.GradesExtractJob        ] : Error Loading the settings
java.lang.NullPointerException: null
	at com.blackboard.consulting.gradejourney.service.impl.GradesJourneySettingsServiceImpl.loadGjSettings(GradesJourneySettingsServiceImpl.java:134)
	at jdk.internal.reflect.GeneratedMethodAccessor734.invoke(Unknown Source)
	at java.base/jdk.internal.reflect.DelegatingMethodAccessorImpl.invoke(DelegatingMethodAccessorImpl.java:43)
	at java.base/java.lang.reflect.Method.invoke(Method.java:566)
	at org.springframework.aop.support.AopUtils.invokeJoinpointUsingReflection(AopUtils.java:344)
	at org.springframework.aop.framework.JdkDynamicAopProxy.invoke(JdkDynamicAopProxy.java:208)
	at com.sun.proxy.$Proxy2474.loadGjSettings(Unknown Source)
	at com.blackboard.consulting.gradejourney.job.GradesExtractJob.execute(GradesExtractJob.java:55)
	at org.quartz.core.JobRunShell.run(JobRunShell.java:202)
	at org.quartz.simpl.SimpleThreadPool$WorkerThread.run(SimpleThreadPool.java:573)
INFO [2025-09-16 08:19:00][46:c.b.c.gradejourney.job.GradesExtractJob        ] : == Entering execute() of Job CronGJExtract.CronGJExtractJob ==
ERROR[2025-09-16 08:19:00][485:c.b.c.core.web.rest.LtiRedirector             ] : Exception occurred in checkVersion: 
java.lang.NullPointerException: null
INFO [2025-09-16 08:19:00][844:c.b.c.ccsc.service.impl.ProfileClient         ] : Param : RedirectParam [isV2=false, signJwt=null, url=null, extId=null]
ERROR[2025-09-16 08:19:00][1529:c.b.c.ccsc.service.impl.ProfileClient        ] : cloud exception
blackboard.plugin.cloud.ext.connection.CloudClientException: An error occurred during a GET request to /v1/ccsc/api/applications/null.
	at blackboard.plugin.updates.connection.CloudRestClientImpl.lambda$exchange$0(CloudRestClientImpl.java:290)
	at java.base/java.security.AccessController.doPrivileged(Native Method)
	at blackboard.plugin.updates.connection.CloudRestClientImpl.exchange(CloudRestClientImpl.java:262)
	at blackboard.plugin.updates.connection.CloudRestClientImpl.exchange(CloudRestClientImpl.java:253)
	at com.blackboard.consulting.ccsc.service.impl.ProfileClient.doRestOp(ProfileClient.java:1524)
	at com.blackboard.consulting.ccsc.service.impl.ProfileClient.getApplicationV1V2(ProfileClient.java:849)
	at com.blackboard.consulting.gradejourney.job.GradesExtractJob.execute(GradesExtractJob.java:53)
	at org.quartz.core.JobRunShell.run(JobRunShell.java:202)
	at org.quartz.simpl.SimpleThreadPool$WorkerThread.run(SimpleThreadPool.java:573)
Caused by: org.springframework.web.client.HttpClientErrorException$NotFound: 404 Not Found: "{"status":404,"code":"ApplicationNotFoundException","message":"No application identified by 'null' was found or given version is not available for given application"}"
	at org.springframework.web.client.HttpClientErrorException.create(HttpClientErrorException.java:113)
	at org.springframework.web.client.DefaultResponseErrorHandler.handleError(DefaultResponseErrorHandler.java:168)
	at org.springframework.web.client.DefaultResponseErrorHandler.handleError(DefaultResponseErrorHandler.java:122)
	at blackboard.plugin.updates.connection.CloudClientResponseErrorHandler.handleError(CloudClientResponseErrorHandler.java:86)
	at org.springframework.web.client.ResponseErrorHandler.handleError(ResponseErrorHandler.java:63)
	at org.springframework.web.client.RestTemplate.handleResponse(RestTemplate.java:825)
	at org.springframework.web.client.RestTemplate.doExecute(RestTemplate.java:783)
	at org.springframework.web.client.RestTemplate.execute(RestTemplate.java:717)
	at org.springframework.web.client.RestTemplate.exchange(RestTemplate.java:608)
	at blackboard.plugin.updates.connection.CloudRestClientImpl.lambda$exchange$0(CloudRestClientImpl.java:271)
	... 8 common frames omitted
ERROR[2025-09-16 08:19:00][485:c.b.c.core.web.rest.LtiRedirector             ] : Exception occurred in checkVersion: 
java.lang.NullPointerException: null
ERROR[2025-09-16 08:19:00][1529:c.b.c.ccsc.service.impl.ProfileClient        ] : cloud exception
blackboard.plugin.cloud.ext.connection.CloudClientException: An error occurred during a GET request to /v1/ccsc/api/applications/null/associations/ce9bb794-b5f4-482a-9699-e3c5a730ed38.
	at blackboard.plugin.updates.connection.CloudRestClientImpl.lambda$exchange$0(CloudRestClientImpl.java:290)
	at java.base/java.security.AccessController.doPrivileged(Native Method)
	at blackboard.plugin.updates.connection.CloudRestClientImpl.exchange(CloudRestClientImpl.java:262)
	at blackboard.plugin.updates.connection.CloudRestClientImpl.exchange(CloudRestClientImpl.java:253)
	at com.blackboard.consulting.ccsc.service.impl.ProfileClient.doRestOp(ProfileClient.java:1524)
	at com.blackboard.consulting.ccsc.service.impl.ProfileClient.getAssociationV1V2(ProfileClient.java:763)
	at com.blackboard.consulting.gradejourney.job.GradesExtractJob.execute(GradesExtractJob.java:54)
	at org.quartz.core.JobRunShell.run(JobRunShell.java:202)
	at org.quartz.simpl.SimpleThreadPool$WorkerThread.run(SimpleThreadPool.java:573)
Caused by: org.springframework.web.client.HttpClientErrorException$NotFound: 404 Not Found: "{"status":404,"code":"ApplicationNotFoundException","message":"No application identified by 'null' was found or given version is not available for given application"}"
	at org.springframework.web.client.HttpClientErrorException.create(HttpClientErrorException.java:113)
	at org.springframework.web.client.DefaultResponseErrorHandler.handleError(DefaultResponseErrorHandler.java:168)
	at org.springframework.web.client.DefaultResponseErrorHandler.handleError(DefaultResponseErrorHandler.java:122)
	at blackboard.plugin.updates.connection.CloudClientResponseErrorHandler.handleError(CloudClientResponseErrorHandler.java:86)
	at org.springframework.web.client.ResponseErrorHandler.handleError(ResponseErrorHandler.java:63)
	at org.springframework.web.client.RestTemplate.handleResponse(RestTemplate.java:825)
	at org.springframework.web.client.RestTemplate.doExecute(RestTemplate.java:783)
	at org.springframework.web.client.RestTemplate.execute(RestTemplate.java:717)
	at org.springframework.web.client.RestTemplate.exchange(RestTemplate.java:608)
	at blackboard.plugin.updates.connection.CloudRestClientImpl.lambda$exchange$0(CloudRestClientImpl.java:271)
	... 8 common frames omitted
ERROR[2025-09-16 08:19:00][85:c.b.c.gradejourney.job.GradesExtractJob        ] : Error Loading the settings
java.lang.NullPointerException: null
	at com.blackboard.consulting.gradejourney.service.impl.GradesJourneySettingsServiceImpl.loadGjSettings(GradesJourneySettingsServiceImpl.java:134)
	at jdk.internal.reflect.GeneratedMethodAccessor734.invoke(Unknown Source)
	at java.base/jdk.internal.reflect.DelegatingMethodAccessorImpl.invoke(DelegatingMethodAccessorImpl.java:43)
	at java.base/java.lang.reflect.Method.invoke(Method.java:566)
	at org.springframework.aop.support.AopUtils.invokeJoinpointUsingReflection(AopUtils.java:344)
	at org.springframework.aop.framework.JdkDynamicAopProxy.invoke(JdkDynamicAopProxy.java:208)
	at com.sun.proxy.$Proxy2474.loadGjSettings(Unknown Source)
	at com.blackboard.consulting.gradejourney.job.GradesExtractJob.execute(GradesExtractJob.java:55)
	at org.quartz.core.JobRunShell.run(JobRunShell.java:202)
	at org.quartz.simpl.SimpleThreadPool$WorkerThread.run(SimpleThreadPool.java:573)
INFO [2025-09-16 08:21:00][46:c.b.c.gradejourney.job.GradesExtractJob        ] : == Entering execute() of Job CronGJExtract.CronGJExtractJob ==
ERROR[2025-09-16 08:21:00][485:c.b.c.core.web.rest.LtiRedirector             ] : Exception occurred in checkVersion: 
java.lang.NullPointerException: null
INFO [2025-09-16 08:21:00][844:c.b.c.ccsc.service.impl.ProfileClient         ] : Param : RedirectParam [isV2=false, signJwt=null, url=null, extId=null]
ERROR[2025-09-16 08:21:00][1529:c.b.c.ccsc.service.impl.ProfileClient        ] : cloud exception
blackboard.plugin.cloud.ext.connection.CloudClientException: An error occurred during a GET request to /v1/ccsc/api/applications/null.
	at blackboard.plugin.updates.connection.CloudRestClientImpl.lambda$exchange$0(CloudRestClientImpl.java:290)
	at java.base/java.security.AccessController.doPrivileged(Native Method)
	at blackboard.plugin.updates.connection.CloudRestClientImpl.exchange(CloudRestClientImpl.java:262)
	at blackboard.plugin.updates.connection.CloudRestClientImpl.exchange(CloudRestClientImpl.java:253)
	at com.blackboard.consulting.ccsc.service.impl.ProfileClient.doRestOp(ProfileClient.java:1524)
	at com.blackboard.consulting.ccsc.service.impl.ProfileClient.getApplicationV1V2(ProfileClient.java:849)
	at com.blackboard.consulting.gradejourney.job.GradesExtractJob.execute(GradesExtractJob.java:53)
	at org.quartz.core.JobRunShell.run(JobRunShell.java:202)
	at org.quartz.simpl.SimpleThreadPool$WorkerThread.run(SimpleThreadPool.java:573)
Caused by: org.springframework.web.client.HttpClientErrorException$NotFound: 404 Not Found: "{"status":404,"code":"ApplicationNotFoundException","message":"No application identified by 'null' was found or given version is not available for given application"}"
	at org.springframework.web.client.HttpClientErrorException.create(HttpClientErrorException.java:113)
	at org.springframework.web.client.DefaultResponseErrorHandler.handleError(DefaultResponseErrorHandler.java:168)
	at org.springframework.web.client.DefaultResponseErrorHandler.handleError(DefaultResponseErrorHandler.java:122)
	at blackboard.plugin.updates.connection.CloudClientResponseErrorHandler.handleError(CloudClientResponseErrorHandler.java:86)
	at org.springframework.web.client.ResponseErrorHandler.handleError(ResponseErrorHandler.java:63)
	at org.springframework.web.client.RestTemplate.handleResponse(RestTemplate.java:825)
	at org.springframework.web.client.RestTemplate.doExecute(RestTemplate.java:783)
	at org.springframework.web.client.RestTemplate.execute(RestTemplate.java:717)
	at org.springframework.web.client.RestTemplate.exchange(RestTemplate.java:608)
	at blackboard.plugin.updates.connection.CloudRestClientImpl.lambda$exchange$0(CloudRestClientImpl.java:271)
	... 8 common frames omitted
ERROR[2025-09-16 08:21:00][485:c.b.c.core.web.rest.LtiRedirector             ] : Exception occurred in checkVersion: 
java.lang.NullPointerException: null
ERROR[2025-09-16 08:21:00][1529:c.b.c.ccsc.service.impl.ProfileClient        ] : cloud exception
blackboard.plugin.cloud.ext.connection.CloudClientException: An error occurred during a GET request to /v1/ccsc/api/applications/null/associations/ce9bb794-b5f4-482a-9699-e3c5a730ed38.
	at blackboard.plugin.updates.connection.CloudRestClientImpl.lambda$exchange$0(CloudRestClientImpl.java:290)
	at java.base/java.security.AccessController.doPrivileged(Native Method)
	at blackboard.plugin.updates.connection.CloudRestClientImpl.exchange(CloudRestClientImpl.java:262)
	at blackboard.plugin.updates.connection.CloudRestClientImpl.exchange(CloudRestClientImpl.java:253)
	at com.blackboard.consulting.ccsc.service.impl.ProfileClient.doRestOp(ProfileClient.java:1524)
	at com.blackboard.consulting.ccsc.service.impl.ProfileClient.getAssociationV1V2(ProfileClient.java:763)
	at com.blackboard.consulting.gradejourney.job.GradesExtractJob.execute(GradesExtractJob.java:54)
	at org.quartz.core.JobRunShell.run(JobRunShell.java:202)
	at org.quartz.simpl.SimpleThreadPool$WorkerThread.run(SimpleThreadPool.java:573)
Caused by: org.springframework.web.client.HttpClientErrorException$NotFound: 404 Not Found: "{"status":404,"code":"ApplicationNotFoundException","message":"No application identified by 'null' was found or given version is not available for given application"}"
	at org.springframework.web.client.HttpClientErrorException.create(HttpClientErrorException.java:113)
	at org.springframework.web.client.DefaultResponseErrorHandler.handleError(DefaultResponseErrorHandler.java:168)
	at org.springframework.web.client.DefaultResponseErrorHandler.handleError(DefaultResponseErrorHandler.java:122)
	at blackboard.plugin.updates.connection.CloudClientResponseErrorHandler.handleError(CloudClientResponseErrorHandler.java:86)
	at org.springframework.web.client.ResponseErrorHandler.handleError(ResponseErrorHandler.java:63)
	at org.springframework.web.client.RestTemplate.handleResponse(RestTemplate.java:825)
	at org.springframework.web.client.RestTemplate.doExecute(RestTemplate.java:783)
	at org.springframework.web.client.RestTemplate.execute(RestTemplate.java:717)
	at org.springframework.web.client.RestTemplate.exchange(RestTemplate.java:608)
	at blackboard.plugin.updates.connection.CloudRestClientImpl.lambda$exchange$0(CloudRestClientImpl.java:271)
	... 8 common frames omitted
ERROR[2025-09-16 08:21:00][85:c.b.c.gradejourney.job.GradesExtractJob        ] : Error Loading the settings
java.lang.NullPointerException: null
	at com.blackboard.consulting.gradejourney.service.impl.GradesJourneySettingsServiceImpl.loadGjSettings(GradesJourneySettingsServiceImpl.java:134)
	at jdk.internal.reflect.GeneratedMethodAccessor734.invoke(Unknown Source)
	at java.base/jdk.internal.reflect.DelegatingMethodAccessorImpl.invoke(DelegatingMethodAccessorImpl.java:43)
	at java.base/java.lang.reflect.Method.invoke(Method.java:566)
	at org.springframework.aop.support.AopUtils.invokeJoinpointUsingReflection(AopUtils.java:344)
	at org.springframework.aop.framework.JdkDynamicAopProxy.invoke(JdkDynamicAopProxy.java:208)
	at com.sun.proxy.$Proxy2474.loadGjSettings(Unknown Source)
	at com.blackboard.consulting.gradejourney.job.GradesExtractJob.execute(GradesExtractJob.java:55)
	at org.quartz.core.JobRunShell.run(JobRunShell.java:202)
	at org.quartz.simpl.SimpleThreadPool$WorkerThread.run(SimpleThreadPool.java:573)
INFO [2025-09-16 08:23:00][46:c.b.c.gradejourney.job.GradesExtractJob        ] : == Entering execute() of Job CronGJExtract.CronGJExtractJob ==
ERROR[2025-09-16 08:23:00][485:c.b.c.core.web.rest.LtiRedirector             ] : Exception occurred in checkVersion: 
java.lang.NullPointerException: null
INFO [2025-09-16 08:23:00][844:c.b.c.ccsc.service.impl.ProfileClient         ] : Param : RedirectParam [isV2=false, signJwt=null, url=null, extId=null]
ERROR[2025-09-16 08:23:00][1529:c.b.c.ccsc.service.impl.ProfileClient        ] : cloud exception
blackboard.plugin.cloud.ext.connection.CloudClientException: An error occurred during a GET request to /v1/ccsc/api/applications/null.
	at blackboard.plugin.updates.connection.CloudRestClientImpl.lambda$exchange$0(CloudRestClientImpl.java:290)
	at java.base/java.security.AccessController.doPrivileged(Native Method)
	at blackboard.plugin.updates.connection.CloudRestClientImpl.exchange(CloudRestClientImpl.java:262)
	at blackboard.plugin.updates.connection.CloudRestClientImpl.exchange(CloudRestClientImpl.java:253)
	at com.blackboard.consulting.ccsc.service.impl.ProfileClient.doRestOp(ProfileClient.java:1524)
	at com.blackboard.consulting.ccsc.service.impl.ProfileClient.getApplicationV1V2(ProfileClient.java:849)
	at com.blackboard.consulting.gradejourney.job.GradesExtractJob.execute(GradesExtractJob.java:53)
	at org.quartz.core.JobRunShell.run(JobRunShell.java:202)
	at org.quartz.simpl.SimpleThreadPool$WorkerThread.run(SimpleThreadPool.java:573)
Caused by: org.springframework.web.client.HttpClientErrorException$NotFound: 404 Not Found: "{"status":404,"code":"ApplicationNotFoundException","message":"No application identified by 'null' was found or given version is not available for given application"}"
	at org.springframework.web.client.HttpClientErrorException.create(HttpClientErrorException.java:113)
	at org.springframework.web.client.DefaultResponseErrorHandler.handleError(DefaultResponseErrorHandler.java:168)
	at org.springframework.web.client.DefaultResponseErrorHandler.handleError(DefaultResponseErrorHandler.java:122)
	at blackboard.plugin.updates.connection.CloudClientResponseErrorHandler.handleError(CloudClientResponseErrorHandler.java:86)
	at org.springframework.web.client.ResponseErrorHandler.handleError(ResponseErrorHandler.java:63)
	at org.springframework.web.client.RestTemplate.handleResponse(RestTemplate.java:825)
	at org.springframework.web.client.RestTemplate.doExecute(RestTemplate.java:783)
	at org.springframework.web.client.RestTemplate.execute(RestTemplate.java:717)
	at org.springframework.web.client.RestTemplate.exchange(RestTemplate.java:608)
	at blackboard.plugin.updates.connection.CloudRestClientImpl.lambda$exchange$0(CloudRestClientImpl.java:271)
	... 8 common frames omitted
ERROR[2025-09-16 08:23:00][485:c.b.c.core.web.rest.LtiRedirector             ] : Exception occurred in checkVersion: 
java.lang.NullPointerException: null
ERROR[2025-09-16 08:23:00][1529:c.b.c.ccsc.service.impl.ProfileClient        ] : cloud exception
blackboard.plugin.cloud.ext.connection.CloudClientException: An error occurred during a GET request to /v1/ccsc/api/applications/null/associations/ce9bb794-b5f4-482a-9699-e3c5a730ed38.
	at blackboard.plugin.updates.connection.CloudRestClientImpl.lambda$exchange$0(CloudRestClientImpl.java:290)
	at java.base/java.security.AccessController.doPrivileged(Native Method)
	at blackboard.plugin.updates.connection.CloudRestClientImpl.exchange(CloudRestClientImpl.java:262)
	at blackboard.plugin.updates.connection.CloudRestClientImpl.exchange(CloudRestClientImpl.java:253)
	at com.blackboard.consulting.ccsc.service.impl.ProfileClient.doRestOp(ProfileClient.java:1524)
	at com.blackboard.consulting.ccsc.service.impl.ProfileClient.getAssociationV1V2(ProfileClient.java:763)
	at com.blackboard.consulting.gradejourney.job.GradesExtractJob.execute(GradesExtractJob.java:54)
	at org.quartz.core.JobRunShell.run(JobRunShell.java:202)
	at org.quartz.simpl.SimpleThreadPool$WorkerThread.run(SimpleThreadPool.java:573)
Caused by: org.springframework.web.client.HttpClientErrorException$NotFound: 404 Not Found: "{"status":404,"code":"ApplicationNotFoundException","message":"No application identified by 'null' was found or given version is not available for given application"}"
	at org.springframework.web.client.HttpClientErrorException.create(HttpClientErrorException.java:113)
	at org.springframework.web.client.DefaultResponseErrorHandler.handleError(DefaultResponseErrorHandler.java:168)
	at org.springframework.web.client.DefaultResponseErrorHandler.handleError(DefaultResponseErrorHandler.java:122)
	at blackboard.plugin.updates.connection.CloudClientResponseErrorHandler.handleError(CloudClientResponseErrorHandler.java:86)
	at org.springframework.web.client.ResponseErrorHandler.handleError(ResponseErrorHandler.java:63)
	at org.springframework.web.client.RestTemplate.handleResponse(RestTemplate.java:825)
	at org.springframework.web.client.RestTemplate.doExecute(RestTemplate.java:783)
	at org.springframework.web.client.RestTemplate.execute(RestTemplate.java:717)
	at org.springframework.web.client.RestTemplate.exchange(RestTemplate.java:608)
	at blackboard.plugin.updates.connection.CloudRestClientImpl.lambda$exchange$0(CloudRestClientImpl.java:271)
	... 8 common frames omitted
ERROR[2025-09-16 08:23:00][85:c.b.c.gradejourney.job.GradesExtractJob        ] : Error Loading the settings
java.lang.NullPointerException: null
	at com.blackboard.consulting.gradejourney.service.impl.GradesJourneySettingsServiceImpl.loadGjSettings(GradesJourneySettingsServiceImpl.java:134)
	at jdk.internal.reflect.GeneratedMethodAccessor734.invoke(Unknown Source)
	at java.base/jdk.internal.reflect.DelegatingMethodAccessorImpl.invoke(DelegatingMethodAccessorImpl.java:43)
	at java.base/java.lang.reflect.Method.invoke(Method.java:566)
	at org.springframework.aop.support.AopUtils.invokeJoinpointUsingReflection(AopUtils.java:344)
	at org.springframework.aop.framework.JdkDynamicAopProxy.invoke(JdkDynamicAopProxy.java:208)
	at com.sun.proxy.$Proxy2474.loadGjSettings(Unknown Source)
	at com.blackboard.consulting.gradejourney.job.GradesExtractJob.execute(GradesExtractJob.java:55)
	at org.quartz.core.JobRunShell.run(JobRunShell.java:202)
	at org.quartz.simpl.SimpleThreadPool$WorkerThread.run(SimpleThreadPool.java:573)
INFO [2025-09-16 08:25:00][46:c.b.c.gradejourney.job.GradesExtractJob        ] : == Entering execute() of Job CronGJExtract.CronGJExtractJob ==
ERROR[2025-09-16 08:25:00][485:c.b.c.core.web.rest.LtiRedirector             ] : Exception occurred in checkVersion: 
java.lang.NullPointerException: null
INFO [2025-09-16 08:25:00][844:c.b.c.ccsc.service.impl.ProfileClient         ] : Param : RedirectParam [isV2=false, signJwt=null, url=null, extId=null]
ERROR[2025-09-16 08:25:00][1529:c.b.c.ccsc.service.impl.ProfileClient        ] : cloud exception
blackboard.plugin.cloud.ext.connection.CloudClientException: An error occurred during a GET request to /v1/ccsc/api/applications/null.
	at blackboard.plugin.updates.connection.CloudRestClientImpl.lambda$exchange$0(CloudRestClientImpl.java:290)
	at java.base/java.security.AccessController.doPrivileged(Native Method)
	at blackboard.plugin.updates.connection.CloudRestClientImpl.exchange(CloudRestClientImpl.java:262)
	at blackboard.plugin.updates.connection.CloudRestClientImpl.exchange(CloudRestClientImpl.java:253)
	at com.blackboard.consulting.ccsc.service.impl.ProfileClient.doRestOp(ProfileClient.java:1524)
	at com.blackboard.consulting.ccsc.service.impl.ProfileClient.getApplicationV1V2(ProfileClient.java:849)
	at com.blackboard.consulting.gradejourney.job.GradesExtractJob.execute(GradesExtractJob.java:53)
	at org.quartz.core.JobRunShell.run(JobRunShell.java:202)
	at org.quartz.simpl.SimpleThreadPool$WorkerThread.run(SimpleThreadPool.java:573)
Caused by: org.springframework.web.client.HttpClientErrorException$NotFound: 404 Not Found: "{"status":404,"code":"ApplicationNotFoundException","message":"No application identified by 'null' was found or given version is not available for given application"}"
	at org.springframework.web.client.HttpClientErrorException.create(HttpClientErrorException.java:113)
	at org.springframework.web.client.DefaultResponseErrorHandler.handleError(DefaultResponseErrorHandler.java:168)
	at org.springframework.web.client.DefaultResponseErrorHandler.handleError(DefaultResponseErrorHandler.java:122)
	at blackboard.plugin.updates.connection.CloudClientResponseErrorHandler.handleError(CloudClientResponseErrorHandler.java:86)
	at org.springframework.web.client.ResponseErrorHandler.handleError(ResponseErrorHandler.java:63)
	at org.springframework.web.client.RestTemplate.handleResponse(RestTemplate.java:825)
	at org.springframework.web.client.RestTemplate.doExecute(RestTemplate.java:783)
	at org.springframework.web.client.RestTemplate.execute(RestTemplate.java:717)
	at org.springframework.web.client.RestTemplate.exchange(RestTemplate.java:608)
	at blackboard.plugin.updates.connection.CloudRestClientImpl.lambda$exchange$0(CloudRestClientImpl.java:271)
	... 8 common frames omitted
ERROR[2025-09-16 08:25:00][485:c.b.c.core.web.rest.LtiRedirector             ] : Exception occurred in checkVersion: 
java.lang.NullPointerException: null
ERROR[2025-09-16 08:25:00][1529:c.b.c.ccsc.service.impl.ProfileClient        ] : cloud exception
blackboard.plugin.cloud.ext.connection.CloudClientException: An error occurred during a GET request to /v1/ccsc/api/applications/null/associations/ce9bb794-b5f4-482a-9699-e3c5a730ed38.
	at blackboard.plugin.updates.connection.CloudRestClientImpl.lambda$exchange$0(CloudRestClientImpl.java:290)
	at java.base/java.security.AccessController.doPrivileged(Native Method)
	at blackboard.plugin.updates.connection.CloudRestClientImpl.exchange(CloudRestClientImpl.java:262)
	at blackboard.plugin.updates.connection.CloudRestClientImpl.exchange(CloudRestClientImpl.java:253)
	at com.blackboard.consulting.ccsc.service.impl.ProfileClient.doRestOp(ProfileClient.java:1524)
	at com.blackboard.consulting.ccsc.service.impl.ProfileClient.getAssociationV1V2(ProfileClient.java:763)
	at com.blackboard.consulting.gradejourney.job.GradesExtractJob.execute(GradesExtractJob.java:54)
	at org.quartz.core.JobRunShell.run(JobRunShell.java:202)
	at org.quartz.simpl.SimpleThreadPool$WorkerThread.run(SimpleThreadPool.java:573)
Caused by: org.springframework.web.client.HttpClientErrorException$NotFound: 404 Not Found: "{"status":404,"code":"ApplicationNotFoundException","message":"No application identified by 'null' was found or given version is not available for given application"}"
	at org.springframework.web.client.HttpClientErrorException.create(HttpClientErrorException.java:113)
	at org.springframework.web.client.DefaultResponseErrorHandler.handleError(DefaultResponseErrorHandler.java:168)
	at org.springframework.web.client.DefaultResponseErrorHandler.handleError(DefaultResponseErrorHandler.java:122)
	at blackboard.plugin.updates.connection.CloudClientResponseErrorHandler.handleError(CloudClientResponseErrorHandler.java:86)
	at org.springframework.web.client.ResponseErrorHandler.handleError(ResponseErrorHandler.java:63)
	at org.springframework.web.client.RestTemplate.handleResponse(RestTemplate.java:825)
	at org.springframework.web.client.RestTemplate.doExecute(RestTemplate.java:783)
	at org.springframework.web.client.RestTemplate.execute(RestTemplate.java:717)
	at org.springframework.web.client.RestTemplate.exchange(RestTemplate.java:608)
	at blackboard.plugin.updates.connection.CloudRestClientImpl.lambda$exchange$0(CloudRestClientImpl.java:271)
	... 8 common frames omitted
ERROR[2025-09-16 08:25:00][85:c.b.c.gradejourney.job.GradesExtractJob        ] : Error Loading the settings
java.lang.NullPointerException: null
	at com.blackboard.consulting.gradejourney.service.impl.GradesJourneySettingsServiceImpl.loadGjSettings(GradesJourneySettingsServiceImpl.java:134)
	at jdk.internal.reflect.GeneratedMethodAccessor734.invoke(Unknown Source)
	at java.base/jdk.internal.reflect.DelegatingMethodAccessorImpl.invoke(DelegatingMethodAccessorImpl.java:43)
	at java.base/java.lang.reflect.Method.invoke(Method.java:566)
	at org.springframework.aop.support.AopUtils.invokeJoinpointUsingReflection(AopUtils.java:344)
	at org.springframework.aop.framework.JdkDynamicAopProxy.invoke(JdkDynamicAopProxy.java:208)
	at com.sun.proxy.$Proxy2474.loadGjSettings(Unknown Source)
	at com.blackboard.consulting.gradejourney.job.GradesExtractJob.execute(GradesExtractJob.java:55)
	at org.quartz.core.JobRunShell.run(JobRunShell.java:202)
	at org.quartz.simpl.SimpleThreadPool$WorkerThread.run(SimpleThreadPool.java:573)
INFO [2025-09-16 08:26:00][46:c.b.c.gradejourney.job.GradesExtractJob        ] : == Entering execute() of Job CronGJExtract.CronGJExtractJob ==
ERROR[2025-09-16 08:26:00][485:c.b.c.core.web.rest.LtiRedirector             ] : Exception occurred in checkVersion: 
java.lang.NullPointerException: null
INFO [2025-09-16 08:26:00][844:c.b.c.ccsc.service.impl.ProfileClient         ] : Param : RedirectParam [isV2=false, signJwt=null, url=null, extId=null]
ERROR[2025-09-16 08:26:00][1529:c.b.c.ccsc.service.impl.ProfileClient        ] : cloud exception
blackboard.plugin.cloud.ext.connection.CloudClientException: An error occurred during a GET request to /v1/ccsc/api/applications/null.
	at blackboard.plugin.updates.connection.CloudRestClientImpl.lambda$exchange$0(CloudRestClientImpl.java:290)
	at java.base/java.security.AccessController.doPrivileged(Native Method)
	at blackboard.plugin.updates.connection.CloudRestClientImpl.exchange(CloudRestClientImpl.java:262)
	at blackboard.plugin.updates.connection.CloudRestClientImpl.exchange(CloudRestClientImpl.java:253)
	at com.blackboard.consulting.ccsc.service.impl.ProfileClient.doRestOp(ProfileClient.java:1524)
	at com.blackboard.consulting.ccsc.service.impl.ProfileClient.getApplicationV1V2(ProfileClient.java:849)
	at com.blackboard.consulting.gradejourney.job.GradesExtractJob.execute(GradesExtractJob.java:53)
	at org.quartz.core.JobRunShell.run(JobRunShell.java:202)
	at org.quartz.simpl.SimpleThreadPool$WorkerThread.run(SimpleThreadPool.java:573)
Caused by: org.springframework.web.client.HttpClientErrorException$NotFound: 404 Not Found: "{"status":404,"code":"ApplicationNotFoundException","message":"No application identified by 'null' was found or given version is not available for given application"}"
	at org.springframework.web.client.HttpClientErrorException.create(HttpClientErrorException.java:113)
	at org.springframework.web.client.DefaultResponseErrorHandler.handleError(DefaultResponseErrorHandler.java:168)
	at org.springframework.web.client.DefaultResponseErrorHandler.handleError(DefaultResponseErrorHandler.java:122)
	at blackboard.plugin.updates.connection.CloudClientResponseErrorHandler.handleError(CloudClientResponseErrorHandler.java:86)
	at org.springframework.web.client.ResponseErrorHandler.handleError(ResponseErrorHandler.java:63)
	at org.springframework.web.client.RestTemplate.handleResponse(RestTemplate.java:825)
	at org.springframework.web.client.RestTemplate.doExecute(RestTemplate.java:783)
	at org.springframework.web.client.RestTemplate.execute(RestTemplate.java:717)
	at org.springframework.web.client.RestTemplate.exchange(RestTemplate.java:608)
	at blackboard.plugin.updates.connection.CloudRestClientImpl.lambda$exchange$0(CloudRestClientImpl.java:271)
	... 8 common frames omitted
ERROR[2025-09-16 08:26:00][485:c.b.c.core.web.rest.LtiRedirector             ] : Exception occurred in checkVersion: 
java.lang.NullPointerException: null
ERROR[2025-09-16 08:26:00][1529:c.b.c.ccsc.service.impl.ProfileClient        ] : cloud exception
blackboard.plugin.cloud.ext.connection.CloudClientException: An error occurred during a GET request to /v1/ccsc/api/applications/null/associations/ce9bb794-b5f4-482a-9699-e3c5a730ed38.
	at blackboard.plugin.updates.connection.CloudRestClientImpl.lambda$exchange$0(CloudRestClientImpl.java:290)
	at java.base/java.security.AccessController.doPrivileged(Native Method)
	at blackboard.plugin.updates.connection.CloudRestClientImpl.exchange(CloudRestClientImpl.java:262)
	at blackboard.plugin.updates.connection.CloudRestClientImpl.exchange(CloudRestClientImpl.java:253)
	at com.blackboard.consulting.ccsc.service.impl.ProfileClient.doRestOp(ProfileClient.java:1524)
	at com.blackboard.consulting.ccsc.service.impl.ProfileClient.getAssociationV1V2(ProfileClient.java:763)
	at com.blackboard.consulting.gradejourney.job.GradesExtractJob.execute(GradesExtractJob.java:54)
	at org.quartz.core.JobRunShell.run(JobRunShell.java:202)
	at org.quartz.simpl.SimpleThreadPool$WorkerThread.run(SimpleThreadPool.java:573)
Caused by: org.springframework.web.client.HttpClientErrorException$NotFound: 404 Not Found: "{"status":404,"code":"ApplicationNotFoundException","message":"No application identified by 'null' was found or given version is not available for given application"}"
	at org.springframework.web.client.HttpClientErrorException.create(HttpClientErrorException.java:113)
	at org.springframework.web.client.DefaultResponseErrorHandler.handleError(DefaultResponseErrorHandler.java:168)
	at org.springframework.web.client.DefaultResponseErrorHandler.handleError(DefaultResponseErrorHandler.java:122)
	at blackboard.plugin.updates.connection.CloudClientResponseErrorHandler.handleError(CloudClientResponseErrorHandler.java:86)
	at org.springframework.web.client.ResponseErrorHandler.handleError(ResponseErrorHandler.java:63)
	at org.springframework.web.client.RestTemplate.handleResponse(RestTemplate.java:825)
	at org.springframework.web.client.RestTemplate.doExecute(RestTemplate.java:783)
	at org.springframework.web.client.RestTemplate.execute(RestTemplate.java:717)
	at org.springframework.web.client.RestTemplate.exchange(RestTemplate.java:608)
	at blackboard.plugin.updates.connection.CloudRestClientImpl.lambda$exchange$0(CloudRestClientImpl.java:271)
	... 8 common frames omitted
ERROR[2025-09-16 08:26:00][85:c.b.c.gradejourney.job.GradesExtractJob        ] : Error Loading the settings
java.lang.NullPointerException: null
	at com.blackboard.consulting.gradejourney.service.impl.GradesJourneySettingsServiceImpl.loadGjSettings(GradesJourneySettingsServiceImpl.java:134)
	at jdk.internal.reflect.GeneratedMethodAccessor734.invoke(Unknown Source)
	at java.base/jdk.internal.reflect.DelegatingMethodAccessorImpl.invoke(DelegatingMethodAccessorImpl.java:43)
	at java.base/java.lang.reflect.Method.invoke(Method.java:566)
	at org.springframework.aop.support.AopUtils.invokeJoinpointUsingReflection(AopUtils.java:344)
	at org.springframework.aop.framework.JdkDynamicAopProxy.invoke(JdkDynamicAopProxy.java:208)
	at com.sun.proxy.$Proxy2474.loadGjSettings(Unknown Source)
	at com.blackboard.consulting.gradejourney.job.GradesExtractJob.execute(GradesExtractJob.java:55)
	at org.quartz.core.JobRunShell.run(JobRunShell.java:202)
	at org.quartz.simpl.SimpleThreadPool$WorkerThread.run(SimpleThreadPool.java:573)
INFO [2025-09-16 08:28:00][46:c.b.c.gradejourney.job.GradesExtractJob        ] : == Entering execute() of Job CronGJExtract.CronGJExtractJob ==
ERROR[2025-09-16 08:28:00][485:c.b.c.core.web.rest.LtiRedirector             ] : Exception occurred in checkVersion: 
java.lang.NullPointerException: null
INFO [2025-09-16 08:28:00][844:c.b.c.ccsc.service.impl.ProfileClient         ] : Param : RedirectParam [isV2=false, signJwt=null, url=null, extId=null]
ERROR[2025-09-16 08:28:00][1529:c.b.c.ccsc.service.impl.ProfileClient        ] : cloud exception
blackboard.plugin.cloud.ext.connection.CloudClientException: An error occurred during a GET request to /v1/ccsc/api/applications/null.
	at blackboard.plugin.updates.connection.CloudRestClientImpl.lambda$exchange$0(CloudRestClientImpl.java:290)
	at java.base/java.security.AccessController.doPrivileged(Native Method)
	at blackboard.plugin.updates.connection.CloudRestClientImpl.exchange(CloudRestClientImpl.java:262)
	at blackboard.plugin.updates.connection.CloudRestClientImpl.exchange(CloudRestClientImpl.java:253)
	at com.blackboard.consulting.ccsc.service.impl.ProfileClient.doRestOp(ProfileClient.java:1524)
	at com.blackboard.consulting.ccsc.service.impl.ProfileClient.getApplicationV1V2(ProfileClient.java:849)
	at com.blackboard.consulting.gradejourney.job.GradesExtractJob.execute(GradesExtractJob.java:53)
	at org.quartz.core.JobRunShell.run(JobRunShell.java:202)
	at org.quartz.simpl.SimpleThreadPool$WorkerThread.run(SimpleThreadPool.java:573)
Caused by: org.springframework.web.client.HttpClientErrorException$NotFound: 404 Not Found: "{"status":404,"code":"ApplicationNotFoundException","message":"No application identified by 'null' was found or given version is not available for given application"}"
	at org.springframework.web.client.HttpClientErrorException.create(HttpClientErrorException.java:113)
	at org.springframework.web.client.DefaultResponseErrorHandler.handleError(DefaultResponseErrorHandler.java:168)
	at org.springframework.web.client.DefaultResponseErrorHandler.handleError(DefaultResponseErrorHandler.java:122)
	at blackboard.plugin.updates.connection.CloudClientResponseErrorHandler.handleError(CloudClientResponseErrorHandler.java:86)
	at org.springframework.web.client.ResponseErrorHandler.handleError(ResponseErrorHandler.java:63)
	at org.springframework.web.client.RestTemplate.handleResponse(RestTemplate.java:825)
	at org.springframework.web.client.RestTemplate.doExecute(RestTemplate.java:783)
	at org.springframework.web.client.RestTemplate.execute(RestTemplate.java:717)
	at org.springframework.web.client.RestTemplate.exchange(RestTemplate.java:608)
	at blackboard.plugin.updates.connection.CloudRestClientImpl.lambda$exchange$0(CloudRestClientImpl.java:271)
	... 8 common frames omitted
ERROR[2025-09-16 08:28:00][485:c.b.c.core.web.rest.LtiRedirector             ] : Exception occurred in checkVersion: 
java.lang.NullPointerException: null
ERROR[2025-09-16 08:28:00][1529:c.b.c.ccsc.service.impl.ProfileClient        ] : cloud exception
blackboard.plugin.cloud.ext.connection.CloudClientException: An error occurred during a GET request to /v1/ccsc/api/applications/null/associations/ce9bb794-b5f4-482a-9699-e3c5a730ed38.
	at blackboard.plugin.updates.connection.CloudRestClientImpl.lambda$exchange$0(CloudRestClientImpl.java:290)
	at java.base/java.security.AccessController.doPrivileged(Native Method)
	at blackboard.plugin.updates.connection.CloudRestClientImpl.exchange(CloudRestClientImpl.java:262)
	at blackboard.plugin.updates.connection.CloudRestClientImpl.exchange(CloudRestClientImpl.java:253)
	at com.blackboard.consulting.ccsc.service.impl.ProfileClient.doRestOp(ProfileClient.java:1524)
	at com.blackboard.consulting.ccsc.service.impl.ProfileClient.getAssociationV1V2(ProfileClient.java:763)
	at com.blackboard.consulting.gradejourney.job.GradesExtractJob.execute(GradesExtractJob.java:54)
	at org.quartz.core.JobRunShell.run(JobRunShell.java:202)
	at org.quartz.simpl.SimpleThreadPool$WorkerThread.run(SimpleThreadPool.java:573)
Caused by: org.springframework.web.client.HttpClientErrorException$NotFound: 404 Not Found: "{"status":404,"code":"ApplicationNotFoundException","message":"No application identified by 'null' was found or given version is not available for given application"}"
	at org.springframework.web.client.HttpClientErrorException.create(HttpClientErrorException.java:113)
	at org.springframework.web.client.DefaultResponseErrorHandler.handleError(DefaultResponseErrorHandler.java:168)
	at org.springframework.web.client.DefaultResponseErrorHandler.handleError(DefaultResponseErrorHandler.java:122)
	at blackboard.plugin.updates.connection.CloudClientResponseErrorHandler.handleError(CloudClientResponseErrorHandler.java:86)
	at org.springframework.web.client.ResponseErrorHandler.handleError(ResponseErrorHandler.java:63)
	at org.springframework.web.client.RestTemplate.handleResponse(RestTemplate.java:825)
	at org.springframework.web.client.RestTemplate.doExecute(RestTemplate.java:783)
	at org.springframework.web.client.RestTemplate.execute(RestTemplate.java:717)
	at org.springframework.web.client.RestTemplate.exchange(RestTemplate.java:608)
	at blackboard.plugin.updates.connection.CloudRestClientImpl.lambda$exchange$0(CloudRestClientImpl.java:271)
	... 8 common frames omitted
ERROR[2025-09-16 08:28:00][85:c.b.c.gradejourney.job.GradesExtractJob        ] : Error Loading the settings
java.lang.NullPointerException: null
	at com.blackboard.consulting.gradejourney.service.impl.GradesJourneySettingsServiceImpl.loadGjSettings(GradesJourneySettingsServiceImpl.java:134)
	at jdk.internal.reflect.GeneratedMethodAccessor734.invoke(Unknown Source)
	at java.base/jdk.internal.reflect.DelegatingMethodAccessorImpl.invoke(DelegatingMethodAccessorImpl.java:43)
	at java.base/java.lang.reflect.Method.invoke(Method.java:566)
	at org.springframework.aop.support.AopUtils.invokeJoinpointUsingReflection(AopUtils.java:344)
	at org.springframework.aop.framework.JdkDynamicAopProxy.invoke(JdkDynamicAopProxy.java:208)
	at com.sun.proxy.$Proxy2474.loadGjSettings(Unknown Source)
	at com.blackboard.consulting.gradejourney.job.GradesExtractJob.execute(GradesExtractJob.java:55)
	at org.quartz.core.JobRunShell.run(JobRunShell.java:202)
	at org.quartz.simpl.SimpleThreadPool$WorkerThread.run(SimpleThreadPool.java:573)
INFO [2025-09-16 08:30:00][46:c.b.c.gradejourney.job.GradesExtractJob        ] : == Entering execute() of Job CronGJExtract.CronGJExtractJob ==
ERROR[2025-09-16 08:30:00][485:c.b.c.core.web.rest.LtiRedirector             ] : Exception occurred in checkVersion: 
java.lang.NullPointerException: null
INFO [2025-09-16 08:30:00][844:c.b.c.ccsc.service.impl.ProfileClient         ] : Param : RedirectParam [isV2=false, signJwt=null, url=null, extId=null]
ERROR[2025-09-16 08:30:00][1529:c.b.c.ccsc.service.impl.ProfileClient        ] : cloud exception
blackboard.plugin.cloud.ext.connection.CloudClientException: An error occurred during a GET request to /v1/ccsc/api/applications/null.
	at blackboard.plugin.updates.connection.CloudRestClientImpl.lambda$exchange$0(CloudRestClientImpl.java:290)
	at java.base/java.security.AccessController.doPrivileged(Native Method)
	at blackboard.plugin.updates.connection.CloudRestClientImpl.exchange(CloudRestClientImpl.java:262)
	at blackboard.plugin.updates.connection.CloudRestClientImpl.exchange(CloudRestClientImpl.java:253)
	at com.blackboard.consulting.ccsc.service.impl.ProfileClient.doRestOp(ProfileClient.java:1524)
	at com.blackboard.consulting.ccsc.service.impl.ProfileClient.getApplicationV1V2(ProfileClient.java:849)
	at com.blackboard.consulting.gradejourney.job.GradesExtractJob.execute(GradesExtractJob.java:53)
	at org.quartz.core.JobRunShell.run(JobRunShell.java:202)
	at org.quartz.simpl.SimpleThreadPool$WorkerThread.run(SimpleThreadPool.java:573)
Caused by: org.springframework.web.client.HttpClientErrorException$NotFound: 404 Not Found: "{"status":404,"code":"ApplicationNotFoundException","message":"No application identified by 'null' was found or given version is not available for given application"}"
	at org.springframework.web.client.HttpClientErrorException.create(HttpClientErrorException.java:113)
	at org.springframework.web.client.DefaultResponseErrorHandler.handleError(DefaultResponseErrorHandler.java:168)
	at org.springframework.web.client.DefaultResponseErrorHandler.handleError(DefaultResponseErrorHandler.java:122)
	at blackboard.plugin.updates.connection.CloudClientResponseErrorHandler.handleError(CloudClientResponseErrorHandler.java:86)
	at org.springframework.web.client.ResponseErrorHandler.handleError(ResponseErrorHandler.java:63)
	at org.springframework.web.client.RestTemplate.handleResponse(RestTemplate.java:825)
	at org.springframework.web.client.RestTemplate.doExecute(RestTemplate.java:783)
	at org.springframework.web.client.RestTemplate.execute(RestTemplate.java:717)
	at org.springframework.web.client.RestTemplate.exchange(RestTemplate.java:608)
	at blackboard.plugin.updates.connection.CloudRestClientImpl.lambda$exchange$0(CloudRestClientImpl.java:271)
	... 8 common frames omitted
ERROR[2025-09-16 08:30:00][485:c.b.c.core.web.rest.LtiRedirector             ] : Exception occurred in checkVersion: 
java.lang.NullPointerException: null
ERROR[2025-09-16 08:30:00][1529:c.b.c.ccsc.service.impl.ProfileClient        ] : cloud exception
blackboard.plugin.cloud.ext.connection.CloudClientException: An error occurred during a GET request to /v1/ccsc/api/applications/null/associations/ce9bb794-b5f4-482a-9699-e3c5a730ed38.
	at blackboard.plugin.updates.connection.CloudRestClientImpl.lambda$exchange$0(CloudRestClientImpl.java:290)
	at java.base/java.security.AccessController.doPrivileged(Native Method)
	at blackboard.plugin.updates.connection.CloudRestClientImpl.exchange(CloudRestClientImpl.java:262)
	at blackboard.plugin.updates.connection.CloudRestClientImpl.exchange(CloudRestClientImpl.java:253)
	at com.blackboard.consulting.ccsc.service.impl.ProfileClient.doRestOp(ProfileClient.java:1524)
	at com.blackboard.consulting.ccsc.service.impl.ProfileClient.getAssociationV1V2(ProfileClient.java:763)
	at com.blackboard.consulting.gradejourney.job.GradesExtractJob.execute(GradesExtractJob.java:54)
	at org.quartz.core.JobRunShell.run(JobRunShell.java:202)
	at org.quartz.simpl.SimpleThreadPool$WorkerThread.run(SimpleThreadPool.java:573)
Caused by: org.springframework.web.client.HttpClientErrorException$NotFound: 404 Not Found: "{"status":404,"code":"ApplicationNotFoundException","message":"No application identified by 'null' was found or given version is not available for given application"}"
	at org.springframework.web.client.HttpClientErrorException.create(HttpClientErrorException.java:113)
	at org.springframework.web.client.DefaultResponseErrorHandler.handleError(DefaultResponseErrorHandler.java:168)
	at org.springframework.web.client.DefaultResponseErrorHandler.handleError(DefaultResponseErrorHandler.java:122)
	at blackboard.plugin.updates.connection.CloudClientResponseErrorHandler.handleError(CloudClientResponseErrorHandler.java:86)
	at org.springframework.web.client.ResponseErrorHandler.handleError(ResponseErrorHandler.java:63)
	at org.springframework.web.client.RestTemplate.handleResponse(RestTemplate.java:825)
	at org.springframework.web.client.RestTemplate.doExecute(RestTemplate.java:783)
	at org.springframework.web.client.RestTemplate.execute(RestTemplate.java:717)
	at org.springframework.web.client.RestTemplate.exchange(RestTemplate.java:608)
	at blackboard.plugin.updates.connection.CloudRestClientImpl.lambda$exchange$0(CloudRestClientImpl.java:271)
	... 8 common frames omitted
ERROR[2025-09-16 08:30:00][85:c.b.c.gradejourney.job.GradesExtractJob        ] : Error Loading the settings
java.lang.NullPointerException: null
	at com.blackboard.consulting.gradejourney.service.impl.GradesJourneySettingsServiceImpl.loadGjSettings(GradesJourneySettingsServiceImpl.java:134)
	at jdk.internal.reflect.GeneratedMethodAccessor734.invoke(Unknown Source)
	at java.base/jdk.internal.reflect.DelegatingMethodAccessorImpl.invoke(DelegatingMethodAccessorImpl.java:43)
	at java.base/java.lang.reflect.Method.invoke(Method.java:566)
	at org.springframework.aop.support.AopUtils.invokeJoinpointUsingReflection(AopUtils.java:344)
	at org.springframework.aop.framework.JdkDynamicAopProxy.invoke(JdkDynamicAopProxy.java:208)
	at com.sun.proxy.$Proxy2474.loadGjSettings(Unknown Source)
	at com.blackboard.consulting.gradejourney.job.GradesExtractJob.execute(GradesExtractJob.java:55)
	at org.quartz.core.JobRunShell.run(JobRunShell.java:202)
	at org.quartz.simpl.SimpleThreadPool$WorkerThread.run(SimpleThreadPool.java:573)
INFO [2025-09-16 08:32:00][46:c.b.c.gradejourney.job.GradesExtractJob        ] : == Entering execute() of Job CronGJExtract.CronGJExtractJob ==
ERROR[2025-09-16 08:32:00][485:c.b.c.core.web.rest.LtiRedirector             ] : Exception occurred in checkVersion: 
java.lang.NullPointerException: null
INFO [2025-09-16 08:32:00][844:c.b.c.ccsc.service.impl.ProfileClient         ] : Param : RedirectParam [isV2=false, signJwt=null, url=null, extId=null]
ERROR[2025-09-16 08:32:00][1529:c.b.c.ccsc.service.impl.ProfileClient        ] : cloud exception
blackboard.plugin.cloud.ext.connection.CloudClientException: An error occurred during a GET request to /v1/ccsc/api/applications/null.
	at blackboard.plugin.updates.connection.CloudRestClientImpl.lambda$exchange$0(CloudRestClientImpl.java:290)
	at java.base/java.security.AccessController.doPrivileged(Native Method)
	at blackboard.plugin.updates.connection.CloudRestClientImpl.exchange(CloudRestClientImpl.java:262)
	at blackboard.plugin.updates.connection.CloudRestClientImpl.exchange(CloudRestClientImpl.java:253)
	at com.blackboard.consulting.ccsc.service.impl.ProfileClient.doRestOp(ProfileClient.java:1524)
	at com.blackboard.consulting.ccsc.service.impl.ProfileClient.getApplicationV1V2(ProfileClient.java:849)
	at com.blackboard.consulting.gradejourney.job.GradesExtractJob.execute(GradesExtractJob.java:53)
	at org.quartz.core.JobRunShell.run(JobRunShell.java:202)
	at org.quartz.simpl.SimpleThreadPool$WorkerThread.run(SimpleThreadPool.java:573)
Caused by: org.springframework.web.client.HttpClientErrorException$NotFound: 404 Not Found: "{"status":404,"code":"ApplicationNotFoundException","message":"No application identified by 'null' was found or given version is not available for given application"}"
	at org.springframework.web.client.HttpClientErrorException.create(HttpClientErrorException.java:113)
	at org.springframework.web.client.DefaultResponseErrorHandler.handleError(DefaultResponseErrorHandler.java:168)
	at org.springframework.web.client.DefaultResponseErrorHandler.handleError(DefaultResponseErrorHandler.java:122)
	at blackboard.plugin.updates.connection.CloudClientResponseErrorHandler.handleError(CloudClientResponseErrorHandler.java:86)
	at org.springframework.web.client.ResponseErrorHandler.handleError(ResponseErrorHandler.java:63)
	at org.springframework.web.client.RestTemplate.handleResponse(RestTemplate.java:825)
	at org.springframework.web.client.RestTemplate.doExecute(RestTemplate.java:783)
	at org.springframework.web.client.RestTemplate.execute(RestTemplate.java:717)
	at org.springframework.web.client.RestTemplate.exchange(RestTemplate.java:608)
	at blackboard.plugin.updates.connection.CloudRestClientImpl.lambda$exchange$0(CloudRestClientImpl.java:271)
	... 8 common frames omitted
ERROR[2025-09-16 08:32:00][485:c.b.c.core.web.rest.LtiRedirector             ] : Exception occurred in checkVersion: 
java.lang.NullPointerException: null
ERROR[2025-09-16 08:32:00][1529:c.b.c.ccsc.service.impl.ProfileClient        ] : cloud exception
blackboard.plugin.cloud.ext.connection.CloudClientException: An error occurred during a GET request to /v1/ccsc/api/applications/null/associations/ce9bb794-b5f4-482a-9699-e3c5a730ed38.
	at blackboard.plugin.updates.connection.CloudRestClientImpl.lambda$exchange$0(CloudRestClientImpl.java:290)
	at java.base/java.security.AccessController.doPrivileged(Native Method)
	at blackboard.plugin.updates.connection.CloudRestClientImpl.exchange(CloudRestClientImpl.java:262)
	at blackboard.plugin.updates.connection.CloudRestClientImpl.exchange(CloudRestClientImpl.java:253)
	at com.blackboard.consulting.ccsc.service.impl.ProfileClient.doRestOp(ProfileClient.java:1524)
	at com.blackboard.consulting.ccsc.service.impl.ProfileClient.getAssociationV1V2(ProfileClient.java:763)
	at com.blackboard.consulting.gradejourney.job.GradesExtractJob.execute(GradesExtractJob.java:54)
	at org.quartz.core.JobRunShell.run(JobRunShell.java:202)
	at org.quartz.simpl.SimpleThreadPool$WorkerThread.run(SimpleThreadPool.java:573)
Caused by: org.springframework.web.client.HttpClientErrorException$NotFound: 404 Not Found: "{"status":404,"code":"ApplicationNotFoundException","message":"No application identified by 'null' was found or given version is not available for given application"}"
	at org.springframework.web.client.HttpClientErrorException.create(HttpClientErrorException.java:113)
	at org.springframework.web.client.DefaultResponseErrorHandler.handleError(DefaultResponseErrorHandler.java:168)
	at org.springframework.web.client.DefaultResponseErrorHandler.handleError(DefaultResponseErrorHandler.java:122)
	at blackboard.plugin.updates.connection.CloudClientResponseErrorHandler.handleError(CloudClientResponseErrorHandler.java:86)
	at org.springframework.web.client.ResponseErrorHandler.handleError(ResponseErrorHandler.java:63)
	at org.springframework.web.client.RestTemplate.handleResponse(RestTemplate.java:825)
	at org.springframework.web.client.RestTemplate.doExecute(RestTemplate.java:783)
	at org.springframework.web.client.RestTemplate.execute(RestTemplate.java:717)
	at org.springframework.web.client.RestTemplate.exchange(RestTemplate.java:608)
	at blackboard.plugin.updates.connection.CloudRestClientImpl.lambda$exchange$0(CloudRestClientImpl.java:271)
	... 8 common frames omitted
ERROR[2025-09-16 08:32:00][85:c.b.c.gradejourney.job.GradesExtractJob        ] : Error Loading the settings
java.lang.NullPointerException: null
	at com.blackboard.consulting.gradejourney.service.impl.GradesJourneySettingsServiceImpl.loadGjSettings(GradesJourneySettingsServiceImpl.java:134)
	at jdk.internal.reflect.GeneratedMethodAccessor734.invoke(Unknown Source)
	at java.base/jdk.internal.reflect.DelegatingMethodAccessorImpl.invoke(DelegatingMethodAccessorImpl.java:43)
	at java.base/java.lang.reflect.Method.invoke(Method.java:566)
	at org.springframework.aop.support.AopUtils.invokeJoinpointUsingReflection(AopUtils.java:344)
	at org.springframework.aop.framework.JdkDynamicAopProxy.invoke(JdkDynamicAopProxy.java:208)
	at com.sun.proxy.$Proxy2474.loadGjSettings(Unknown Source)
	at com.blackboard.consulting.gradejourney.job.GradesExtractJob.execute(GradesExtractJob.java:55)
	at org.quartz.core.JobRunShell.run(JobRunShell.java:202)
	at org.quartz.simpl.SimpleThreadPool$WorkerThread.run(SimpleThreadPool.java:573)
INFO [2025-09-16 08:34:00][46:c.b.c.gradejourney.job.GradesExtractJob        ] : == Entering execute() of Job CronGJExtract.CronGJExtractJob ==
ERROR[2025-09-16 08:34:00][485:c.b.c.core.web.rest.LtiRedirector             ] : Exception occurred in checkVersion: 
java.lang.NullPointerException: null
INFO [2025-09-16 08:34:00][844:c.b.c.ccsc.service.impl.ProfileClient         ] : Param : RedirectParam [isV2=false, signJwt=null, url=null, extId=null]
ERROR[2025-09-16 08:34:00][1529:c.b.c.ccsc.service.impl.ProfileClient        ] : cloud exception
blackboard.plugin.cloud.ext.connection.CloudClientException: An error occurred during a GET request to /v1/ccsc/api/applications/null.
	at blackboard.plugin.updates.connection.CloudRestClientImpl.lambda$exchange$0(CloudRestClientImpl.java:290)
	at java.base/java.security.AccessController.doPrivileged(Native Method)
	at blackboard.plugin.updates.connection.CloudRestClientImpl.exchange(CloudRestClientImpl.java:262)
	at blackboard.plugin.updates.connection.CloudRestClientImpl.exchange(CloudRestClientImpl.java:253)
	at com.blackboard.consulting.ccsc.service.impl.ProfileClient.doRestOp(ProfileClient.java:1524)
	at com.blackboard.consulting.ccsc.service.impl.ProfileClient.getApplicationV1V2(ProfileClient.java:849)
	at com.blackboard.consulting.gradejourney.job.GradesExtractJob.execute(GradesExtractJob.java:53)
	at org.quartz.core.JobRunShell.run(JobRunShell.java:202)
	at org.quartz.simpl.SimpleThreadPool$WorkerThread.run(SimpleThreadPool.java:573)
Caused by: org.springframework.web.client.HttpClientErrorException$NotFound: 404 Not Found: "{"status":404,"code":"ApplicationNotFoundException","message":"No application identified by 'null' was found or given version is not available for given application"}"
	at org.springframework.web.client.HttpClientErrorException.create(HttpClientErrorException.java:113)
	at org.springframework.web.client.DefaultResponseErrorHandler.handleError(DefaultResponseErrorHandler.java:168)
	at org.springframework.web.client.DefaultResponseErrorHandler.handleError(DefaultResponseErrorHandler.java:122)
	at blackboard.plugin.updates.connection.CloudClientResponseErrorHandler.handleError(CloudClientResponseErrorHandler.java:86)
	at org.springframework.web.client.ResponseErrorHandler.handleError(ResponseErrorHandler.java:63)
	at org.springframework.web.client.RestTemplate.handleResponse(RestTemplate.java:825)
	at org.springframework.web.client.RestTemplate.doExecute(RestTemplate.java:783)
	at org.springframework.web.client.RestTemplate.execute(RestTemplate.java:717)
	at org.springframework.web.client.RestTemplate.exchange(RestTemplate.java:608)
	at blackboard.plugin.updates.connection.CloudRestClientImpl.lambda$exchange$0(CloudRestClientImpl.java:271)
	... 8 common frames omitted
ERROR[2025-09-16 08:34:00][485:c.b.c.core.web.rest.LtiRedirector             ] : Exception occurred in checkVersion: 
java.lang.NullPointerException: null
ERROR[2025-09-16 08:34:00][1529:c.b.c.ccsc.service.impl.ProfileClient        ] : cloud exception
blackboard.plugin.cloud.ext.connection.CloudClientException: An error occurred during a GET request to /v1/ccsc/api/applications/null/associations/ce9bb794-b5f4-482a-9699-e3c5a730ed38.
	at blackboard.plugin.updates.connection.CloudRestClientImpl.lambda$exchange$0(CloudRestClientImpl.java:290)
	at java.base/java.security.AccessController.doPrivileged(Native Method)
	at blackboard.plugin.updates.connection.CloudRestClientImpl.exchange(CloudRestClientImpl.java:262)
	at blackboard.plugin.updates.connection.CloudRestClientImpl.exchange(CloudRestClientImpl.java:253)
	at com.blackboard.consulting.ccsc.service.impl.ProfileClient.doRestOp(ProfileClient.java:1524)
	at com.blackboard.consulting.ccsc.service.impl.ProfileClient.getAssociationV1V2(ProfileClient.java:763)
	at com.blackboard.consulting.gradejourney.job.GradesExtractJob.execute(GradesExtractJob.java:54)
	at org.quartz.core.JobRunShell.run(JobRunShell.java:202)
	at org.quartz.simpl.SimpleThreadPool$WorkerThread.run(SimpleThreadPool.java:573)
Caused by: org.springframework.web.client.HttpClientErrorException$NotFound: 404 Not Found: "{"status":404,"code":"ApplicationNotFoundException","message":"No application identified by 'null' was found or given version is not available for given application"}"
	at org.springframework.web.client.HttpClientErrorException.create(HttpClientErrorException.java:113)
	at org.springframework.web.client.DefaultResponseErrorHandler.handleError(DefaultResponseErrorHandler.java:168)
	at org.springframework.web.client.DefaultResponseErrorHandler.handleError(DefaultResponseErrorHandler.java:122)
	at blackboard.plugin.updates.connection.CloudClientResponseErrorHandler.handleError(CloudClientResponseErrorHandler.java:86)
	at org.springframework.web.client.ResponseErrorHandler.handleError(ResponseErrorHandler.java:63)
	at org.springframework.web.client.RestTemplate.handleResponse(RestTemplate.java:825)
	at org.springframework.web.client.RestTemplate.doExecute(RestTemplate.java:783)
	at org.springframework.web.client.RestTemplate.execute(RestTemplate.java:717)
	at org.springframework.web.client.RestTemplate.exchange(RestTemplate.java:608)
	at blackboard.plugin.updates.connection.CloudRestClientImpl.lambda$exchange$0(CloudRestClientImpl.java:271)
	... 8 common frames omitted
ERROR[2025-09-16 08:34:00][85:c.b.c.gradejourney.job.GradesExtractJob        ] : Error Loading the settings
java.lang.NullPointerException: null
	at com.blackboard.consulting.gradejourney.service.impl.GradesJourneySettingsServiceImpl.loadGjSettings(GradesJourneySettingsServiceImpl.java:134)
	at jdk.internal.reflect.GeneratedMethodAccessor734.invoke(Unknown Source)
	at java.base/jdk.internal.reflect.DelegatingMethodAccessorImpl.invoke(DelegatingMethodAccessorImpl.java:43)
	at java.base/java.lang.reflect.Method.invoke(Method.java:566)
	at org.springframework.aop.support.AopUtils.invokeJoinpointUsingReflection(AopUtils.java:344)
	at org.springframework.aop.framework.JdkDynamicAopProxy.invoke(JdkDynamicAopProxy.java:208)
	at com.sun.proxy.$Proxy2474.loadGjSettings(Unknown Source)
	at com.blackboard.consulting.gradejourney.job.GradesExtractJob.execute(GradesExtractJob.java:55)
	at org.quartz.core.JobRunShell.run(JobRunShell.java:202)
	at org.quartz.simpl.SimpleThreadPool$WorkerThread.run(SimpleThreadPool.java:573)
INFO [2025-09-16 08:36:00][46:c.b.c.gradejourney.job.GradesExtractJob        ] : == Entering execute() of Job CronGJExtract.CronGJExtractJob ==
ERROR[2025-09-16 08:36:00][485:c.b.c.core.web.rest.LtiRedirector             ] : Exception occurred in checkVersion: 
java.lang.NullPointerException: null
INFO [2025-09-16 08:36:00][844:c.b.c.ccsc.service.impl.ProfileClient         ] : Param : RedirectParam [isV2=false, signJwt=null, url=null, extId=null]
ERROR[2025-09-16 08:36:00][1529:c.b.c.ccsc.service.impl.ProfileClient        ] : cloud exception
blackboard.plugin.cloud.ext.connection.CloudClientException: An error occurred during a GET request to /v1/ccsc/api/applications/null.
	at blackboard.plugin.updates.connection.CloudRestClientImpl.lambda$exchange$0(CloudRestClientImpl.java:290)
	at java.base/java.security.AccessController.doPrivileged(Native Method)
	at blackboard.plugin.updates.connection.CloudRestClientImpl.exchange(CloudRestClientImpl.java:262)
	at blackboard.plugin.updates.connection.CloudRestClientImpl.exchange(CloudRestClientImpl.java:253)
	at com.blackboard.consulting.ccsc.service.impl.ProfileClient.doRestOp(ProfileClient.java:1524)
	at com.blackboard.consulting.ccsc.service.impl.ProfileClient.getApplicationV1V2(ProfileClient.java:849)
	at com.blackboard.consulting.gradejourney.job.GradesExtractJob.execute(GradesExtractJob.java:53)
	at org.quartz.core.JobRunShell.run(JobRunShell.java:202)
	at org.quartz.simpl.SimpleThreadPool$WorkerThread.run(SimpleThreadPool.java:573)
Caused by: org.springframework.web.client.HttpClientErrorException$NotFound: 404 Not Found: "{"status":404,"code":"ApplicationNotFoundException","message":"No application identified by 'null' was found or given version is not available for given application"}"
	at org.springframework.web.client.HttpClientErrorException.create(HttpClientErrorException.java:113)
	at org.springframework.web.client.DefaultResponseErrorHandler.handleError(DefaultResponseErrorHandler.java:168)
	at org.springframework.web.client.DefaultResponseErrorHandler.handleError(DefaultResponseErrorHandler.java:122)
	at blackboard.plugin.updates.connection.CloudClientResponseErrorHandler.handleError(CloudClientResponseErrorHandler.java:86)
	at org.springframework.web.client.ResponseErrorHandler.handleError(ResponseErrorHandler.java:63)
	at org.springframework.web.client.RestTemplate.handleResponse(RestTemplate.java:825)
	at org.springframework.web.client.RestTemplate.doExecute(RestTemplate.java:783)
	at org.springframework.web.client.RestTemplate.execute(RestTemplate.java:717)
	at org.springframework.web.client.RestTemplate.exchange(RestTemplate.java:608)
	at blackboard.plugin.updates.connection.CloudRestClientImpl.lambda$exchange$0(CloudRestClientImpl.java:271)
	... 8 common frames omitted
ERROR[2025-09-16 08:36:00][485:c.b.c.core.web.rest.LtiRedirector             ] : Exception occurred in checkVersion: 
java.lang.NullPointerException: null
ERROR[2025-09-16 08:36:00][1529:c.b.c.ccsc.service.impl.ProfileClient        ] : cloud exception
blackboard.plugin.cloud.ext.connection.CloudClientException: An error occurred during a GET request to /v1/ccsc/api/applications/null/associations/ce9bb794-b5f4-482a-9699-e3c5a730ed38.
	at blackboard.plugin.updates.connection.CloudRestClientImpl.lambda$exchange$0(CloudRestClientImpl.java:290)
	at java.base/java.security.AccessController.doPrivileged(Native Method)
	at blackboard.plugin.updates.connection.CloudRestClientImpl.exchange(CloudRestClientImpl.java:262)
	at blackboard.plugin.updates.connection.CloudRestClientImpl.exchange(CloudRestClientImpl.java:253)
	at com.blackboard.consulting.ccsc.service.impl.ProfileClient.doRestOp(ProfileClient.java:1524)
	at com.blackboard.consulting.ccsc.service.impl.ProfileClient.getAssociationV1V2(ProfileClient.java:763)
	at com.blackboard.consulting.gradejourney.job.GradesExtractJob.execute(GradesExtractJob.java:54)
	at org.quartz.core.JobRunShell.run(JobRunShell.java:202)
	at org.quartz.simpl.SimpleThreadPool$WorkerThread.run(SimpleThreadPool.java:573)
Caused by: org.springframework.web.client.HttpClientErrorException$NotFound: 404 Not Found: "{"status":404,"code":"ApplicationNotFoundException","message":"No application identified by 'null' was found or given version is not available for given application"}"
	at org.springframework.web.client.HttpClientErrorException.create(HttpClientErrorException.java:113)
	at org.springframework.web.client.DefaultResponseErrorHandler.handleError(DefaultResponseErrorHandler.java:168)
	at org.springframework.web.client.DefaultResponseErrorHandler.handleError(DefaultResponseErrorHandler.java:122)
	at blackboard.plugin.updates.connection.CloudClientResponseErrorHandler.handleError(CloudClientResponseErrorHandler.java:86)
	at org.springframework.web.client.ResponseErrorHandler.handleError(ResponseErrorHandler.java:63)
	at org.springframework.web.client.RestTemplate.handleResponse(RestTemplate.java:825)
	at org.springframework.web.client.RestTemplate.doExecute(RestTemplate.java:783)
	at org.springframework.web.client.RestTemplate.execute(RestTemplate.java:717)
	at org.springframework.web.client.RestTemplate.exchange(RestTemplate.java:608)
	at blackboard.plugin.updates.connection.CloudRestClientImpl.lambda$exchange$0(CloudRestClientImpl.java:271)
	... 8 common frames omitted
ERROR[2025-09-16 08:36:00][85:c.b.c.gradejourney.job.GradesExtractJob        ] : Error Loading the settings
java.lang.NullPointerException: null
	at com.blackboard.consulting.gradejourney.service.impl.GradesJourneySettingsServiceImpl.loadGjSettings(GradesJourneySettingsServiceImpl.java:134)
	at jdk.internal.reflect.GeneratedMethodAccessor734.invoke(Unknown Source)
	at java.base/jdk.internal.reflect.DelegatingMethodAccessorImpl.invoke(DelegatingMethodAccessorImpl.java:43)
	at java.base/java.lang.reflect.Method.invoke(Method.java:566)
	at org.springframework.aop.support.AopUtils.invokeJoinpointUsingReflection(AopUtils.java:344)
	at org.springframework.aop.framework.JdkDynamicAopProxy.invoke(JdkDynamicAopProxy.java:208)
	at com.sun.proxy.$Proxy2474.loadGjSettings(Unknown Source)
	at com.blackboard.consulting.gradejourney.job.GradesExtractJob.execute(GradesExtractJob.java:55)
	at org.quartz.core.JobRunShell.run(JobRunShell.java:202)
	at org.quartz.simpl.SimpleThreadPool$WorkerThread.run(SimpleThreadPool.java:573)
INFO [2025-09-16 08:38:00][46:c.b.c.gradejourney.job.GradesExtractJob        ] : == Entering execute() of Job CronGJExtract.CronGJExtractJob ==
ERROR[2025-09-16 08:38:00][485:c.b.c.core.web.rest.LtiRedirector             ] : Exception occurred in checkVersion: 
java.lang.NullPointerException: null
INFO [2025-09-16 08:38:00][844:c.b.c.ccsc.service.impl.ProfileClient         ] : Param : RedirectParam [isV2=false, signJwt=null, url=null, extId=null]
ERROR[2025-09-16 08:38:00][1529:c.b.c.ccsc.service.impl.ProfileClient        ] : cloud exception
blackboard.plugin.cloud.ext.connection.CloudClientException: An error occurred during a GET request to /v1/ccsc/api/applications/null.
	at blackboard.plugin.updates.connection.CloudRestClientImpl.lambda$exchange$0(CloudRestClientImpl.java:290)
	at java.base/java.security.AccessController.doPrivileged(Native Method)
	at blackboard.plugin.updates.connection.CloudRestClientImpl.exchange(CloudRestClientImpl.java:262)
	at blackboard.plugin.updates.connection.CloudRestClientImpl.exchange(CloudRestClientImpl.java:253)
	at com.blackboard.consulting.ccsc.service.impl.ProfileClient.doRestOp(ProfileClient.java:1524)
	at com.blackboard.consulting.ccsc.service.impl.ProfileClient.getApplicationV1V2(ProfileClient.java:849)
	at com.blackboard.consulting.gradejourney.job.GradesExtractJob.execute(GradesExtractJob.java:53)
	at org.quartz.core.JobRunShell.run(JobRunShell.java:202)
	at org.quartz.simpl.SimpleThreadPool$WorkerThread.run(SimpleThreadPool.java:573)
Caused by: org.springframework.web.client.HttpClientErrorException$NotFound: 404 Not Found: "{"status":404,"code":"ApplicationNotFoundException","message":"No application identified by 'null' was found or given version is not available for given application"}"
	at org.springframework.web.client.HttpClientErrorException.create(HttpClientErrorException.java:113)
	at org.springframework.web.client.DefaultResponseErrorHandler.handleError(DefaultResponseErrorHandler.java:168)
	at org.springframework.web.client.DefaultResponseErrorHandler.handleError(DefaultResponseErrorHandler.java:122)
	at blackboard.plugin.updates.connection.CloudClientResponseErrorHandler.handleError(CloudClientResponseErrorHandler.java:86)
	at org.springframework.web.client.ResponseErrorHandler.handleError(ResponseErrorHandler.java:63)
	at org.springframework.web.client.RestTemplate.handleResponse(RestTemplate.java:825)
	at org.springframework.web.client.RestTemplate.doExecute(RestTemplate.java:783)
	at org.springframework.web.client.RestTemplate.execute(RestTemplate.java:717)
	at org.springframework.web.client.RestTemplate.exchange(RestTemplate.java:608)
	at blackboard.plugin.updates.connection.CloudRestClientImpl.lambda$exchange$0(CloudRestClientImpl.java:271)
	... 8 common frames omitted
ERROR[2025-09-16 08:38:00][485:c.b.c.core.web.rest.LtiRedirector             ] : Exception occurred in checkVersion: 
java.lang.NullPointerException: null
ERROR[2025-09-16 08:38:00][1529:c.b.c.ccsc.service.impl.ProfileClient        ] : cloud exception
blackboard.plugin.cloud.ext.connection.CloudClientException: An error occurred during a GET request to /v1/ccsc/api/applications/null/associations/ce9bb794-b5f4-482a-9699-e3c5a730ed38.
	at blackboard.plugin.updates.connection.CloudRestClientImpl.lambda$exchange$0(CloudRestClientImpl.java:290)
	at java.base/java.security.AccessController.doPrivileged(Native Method)
	at blackboard.plugin.updates.connection.CloudRestClientImpl.exchange(CloudRestClientImpl.java:262)
	at blackboard.plugin.updates.connection.CloudRestClientImpl.exchange(CloudRestClientImpl.java:253)
	at com.blackboard.consulting.ccsc.service.impl.ProfileClient.doRestOp(ProfileClient.java:1524)
	at com.blackboard.consulting.ccsc.service.impl.ProfileClient.getAssociationV1V2(ProfileClient.java:763)
	at com.blackboard.consulting.gradejourney.job.GradesExtractJob.execute(GradesExtractJob.java:54)
	at org.quartz.core.JobRunShell.run(JobRunShell.java:202)
	at org.quartz.simpl.SimpleThreadPool$WorkerThread.run(SimpleThreadPool.java:573)
Caused by: org.springframework.web.client.HttpClientErrorException$NotFound: 404 Not Found: "{"status":404,"code":"ApplicationNotFoundException","message":"No application identified by 'null' was found or given version is not available for given application"}"
	at org.springframework.web.client.HttpClientErrorException.create(HttpClientErrorException.java:113)
	at org.springframework.web.client.DefaultResponseErrorHandler.handleError(DefaultResponseErrorHandler.java:168)
	at org.springframework.web.client.DefaultResponseErrorHandler.handleError(DefaultResponseErrorHandler.java:122)
	at blackboard.plugin.updates.connection.CloudClientResponseErrorHandler.handleError(CloudClientResponseErrorHandler.java:86)
	at org.springframework.web.client.ResponseErrorHandler.handleError(ResponseErrorHandler.java:63)
	at org.springframework.web.client.RestTemplate.handleResponse(RestTemplate.java:825)
	at org.springframework.web.client.RestTemplate.doExecute(RestTemplate.java:783)
	at org.springframework.web.client.RestTemplate.execute(RestTemplate.java:717)
	at org.springframework.web.client.RestTemplate.exchange(RestTemplate.java:608)
	at blackboard.plugin.updates.connection.CloudRestClientImpl.lambda$exchange$0(CloudRestClientImpl.java:271)
	... 8 common frames omitted
ERROR[2025-09-16 08:38:00][85:c.b.c.gradejourney.job.GradesExtractJob        ] : Error Loading the settings
java.lang.NullPointerException: null
	at com.blackboard.consulting.gradejourney.service.impl.GradesJourneySettingsServiceImpl.loadGjSettings(GradesJourneySettingsServiceImpl.java:134)
	at jdk.internal.reflect.GeneratedMethodAccessor734.invoke(Unknown Source)
	at java.base/jdk.internal.reflect.DelegatingMethodAccessorImpl.invoke(DelegatingMethodAccessorImpl.java:43)
	at java.base/java.lang.reflect.Method.invoke(Method.java:566)
	at org.springframework.aop.support.AopUtils.invokeJoinpointUsingReflection(AopUtils.java:344)
	at org.springframework.aop.framework.JdkDynamicAopProxy.invoke(JdkDynamicAopProxy.java:208)
	at com.sun.proxy.$Proxy2474.loadGjSettings(Unknown Source)
	at com.blackboard.consulting.gradejourney.job.GradesExtractJob.execute(GradesExtractJob.java:55)
	at org.quartz.core.JobRunShell.run(JobRunShell.java:202)
	at org.quartz.simpl.SimpleThreadPool$WorkerThread.run(SimpleThreadPool.java:573)
INFO [2025-09-16 08:40:00][46:c.b.c.gradejourney.job.GradesExtractJob        ] : == Entering execute() of Job CronGJExtract.CronGJExtractJob ==
ERROR[2025-09-16 08:40:00][485:c.b.c.core.web.rest.LtiRedirector             ] : Exception occurred in checkVersion: 
java.lang.NullPointerException: null
INFO [2025-09-16 08:40:00][844:c.b.c.ccsc.service.impl.ProfileClient         ] : Param : RedirectParam [isV2=false, signJwt=null, url=null, extId=null]
ERROR[2025-09-16 08:40:00][1529:c.b.c.ccsc.service.impl.ProfileClient        ] : cloud exception
blackboard.plugin.cloud.ext.connection.CloudClientException: An error occurred during a GET request to /v1/ccsc/api/applications/null.
	at blackboard.plugin.updates.connection.CloudRestClientImpl.lambda$exchange$0(CloudRestClientImpl.java:290)
	at java.base/java.security.AccessController.doPrivileged(Native Method)
	at blackboard.plugin.updates.connection.CloudRestClientImpl.exchange(CloudRestClientImpl.java:262)
	at blackboard.plugin.updates.connection.CloudRestClientImpl.exchange(CloudRestClientImpl.java:253)
	at com.blackboard.consulting.ccsc.service.impl.ProfileClient.doRestOp(ProfileClient.java:1524)
	at com.blackboard.consulting.ccsc.service.impl.ProfileClient.getApplicationV1V2(ProfileClient.java:849)
	at com.blackboard.consulting.gradejourney.job.GradesExtractJob.execute(GradesExtractJob.java:53)
	at org.quartz.core.JobRunShell.run(JobRunShell.java:202)
	at org.quartz.simpl.SimpleThreadPool$WorkerThread.run(SimpleThreadPool.java:573)
Caused by: org.springframework.web.client.HttpClientErrorException$NotFound: 404 Not Found: "{"status":404,"code":"ApplicationNotFoundException","message":"No application identified by 'null' was found or given version is not available for given application"}"
	at org.springframework.web.client.HttpClientErrorException.create(HttpClientErrorException.java:113)
	at org.springframework.web.client.DefaultResponseErrorHandler.handleError(DefaultResponseErrorHandler.java:168)
	at org.springframework.web.client.DefaultResponseErrorHandler.handleError(DefaultResponseErrorHandler.java:122)
	at blackboard.plugin.updates.connection.CloudClientResponseErrorHandler.handleError(CloudClientResponseErrorHandler.java:86)
	at org.springframework.web.client.ResponseErrorHandler.handleError(ResponseErrorHandler.java:63)
	at org.springframework.web.client.RestTemplate.handleResponse(RestTemplate.java:825)
	at org.springframework.web.client.RestTemplate.doExecute(RestTemplate.java:783)
	at org.springframework.web.client.RestTemplate.execute(RestTemplate.java:717)
	at org.springframework.web.client.RestTemplate.exchange(RestTemplate.java:608)
	at blackboard.plugin.updates.connection.CloudRestClientImpl.lambda$exchange$0(CloudRestClientImpl.java:271)
	... 8 common frames omitted
ERROR[2025-09-16 08:40:00][485:c.b.c.core.web.rest.LtiRedirector             ] : Exception occurred in checkVersion: 
java.lang.NullPointerException: null
ERROR[2025-09-16 08:40:00][1529:c.b.c.ccsc.service.impl.ProfileClient        ] : cloud exception
blackboard.plugin.cloud.ext.connection.CloudClientException: An error occurred during a GET request to /v1/ccsc/api/applications/null/associations/ce9bb794-b5f4-482a-9699-e3c5a730ed38.
	at blackboard.plugin.updates.connection.CloudRestClientImpl.lambda$exchange$0(CloudRestClientImpl.java:290)
	at java.base/java.security.AccessController.doPrivileged(Native Method)
	at blackboard.plugin.updates.connection.CloudRestClientImpl.exchange(CloudRestClientImpl.java:262)
	at blackboard.plugin.updates.connection.CloudRestClientImpl.exchange(CloudRestClientImpl.java:253)
	at com.blackboard.consulting.ccsc.service.impl.ProfileClient.doRestOp(ProfileClient.java:1524)
	at com.blackboard.consulting.ccsc.service.impl.ProfileClient.getAssociationV1V2(ProfileClient.java:763)
	at com.blackboard.consulting.gradejourney.job.GradesExtractJob.execute(GradesExtractJob.java:54)
	at org.quartz.core.JobRunShell.run(JobRunShell.java:202)
	at org.quartz.simpl.SimpleThreadPool$WorkerThread.run(SimpleThreadPool.java:573)
Caused by: org.springframework.web.client.HttpClientErrorException$NotFound: 404 Not Found: "{"status":404,"code":"ApplicationNotFoundException","message":"No application identified by 'null' was found or given version is not available for given application"}"
	at org.springframework.web.client.HttpClientErrorException.create(HttpClientErrorException.java:113)
	at org.springframework.web.client.DefaultResponseErrorHandler.handleError(DefaultResponseErrorHandler.java:168)
	at org.springframework.web.client.DefaultResponseErrorHandler.handleError(DefaultResponseErrorHandler.java:122)
	at blackboard.plugin.updates.connection.CloudClientResponseErrorHandler.handleError(CloudClientResponseErrorHandler.java:86)
	at org.springframework.web.client.ResponseErrorHandler.handleError(ResponseErrorHandler.java:63)
	at org.springframework.web.client.RestTemplate.handleResponse(RestTemplate.java:825)
	at org.springframework.web.client.RestTemplate.doExecute(RestTemplate.java:783)
	at org.springframework.web.client.RestTemplate.execute(RestTemplate.java:717)
	at org.springframework.web.client.RestTemplate.exchange(RestTemplate.java:608)
	at blackboard.plugin.updates.connection.CloudRestClientImpl.lambda$exchange$0(CloudRestClientImpl.java:271)
	... 8 common frames omitted
ERROR[2025-09-16 08:40:00][85:c.b.c.gradejourney.job.GradesExtractJob        ] : Error Loading the settings
java.lang.NullPointerException: null
	at com.blackboard.consulting.gradejourney.service.impl.GradesJourneySettingsServiceImpl.loadGjSettings(GradesJourneySettingsServiceImpl.java:134)
	at jdk.internal.reflect.GeneratedMethodAccessor734.invoke(Unknown Source)
	at java.base/jdk.internal.reflect.DelegatingMethodAccessorImpl.invoke(DelegatingMethodAccessorImpl.java:43)
	at java.base/java.lang.reflect.Method.invoke(Method.java:566)
	at org.springframework.aop.support.AopUtils.invokeJoinpointUsingReflection(AopUtils.java:344)
	at org.springframework.aop.framework.JdkDynamicAopProxy.invoke(JdkDynamicAopProxy.java:208)
	at com.sun.proxy.$Proxy2474.loadGjSettings(Unknown Source)
	at com.blackboard.consulting.gradejourney.job.GradesExtractJob.execute(GradesExtractJob.java:55)
	at org.quartz.core.JobRunShell.run(JobRunShell.java:202)
	at org.quartz.simpl.SimpleThreadPool$WorkerThread.run(SimpleThreadPool.java:573)
INFO [2025-09-16 08:42:00][46:c.b.c.gradejourney.job.GradesExtractJob        ] : == Entering execute() of Job CronGJExtract.CronGJExtractJob ==
ERROR[2025-09-16 08:42:00][485:c.b.c.core.web.rest.LtiRedirector             ] : Exception occurred in checkVersion: 
java.lang.NullPointerException: null
INFO [2025-09-16 08:42:00][844:c.b.c.ccsc.service.impl.ProfileClient         ] : Param : RedirectParam [isV2=false, signJwt=null, url=null, extId=null]
ERROR[2025-09-16 08:42:00][1529:c.b.c.ccsc.service.impl.ProfileClient        ] : cloud exception
blackboard.plugin.cloud.ext.connection.CloudClientException: An error occurred during a GET request to /v1/ccsc/api/applications/null.
	at blackboard.plugin.updates.connection.CloudRestClientImpl.lambda$exchange$0(CloudRestClientImpl.java:290)
	at java.base/java.security.AccessController.doPrivileged(Native Method)
	at blackboard.plugin.updates.connection.CloudRestClientImpl.exchange(CloudRestClientImpl.java:262)
	at blackboard.plugin.updates.connection.CloudRestClientImpl.exchange(CloudRestClientImpl.java:253)
	at com.blackboard.consulting.ccsc.service.impl.ProfileClient.doRestOp(ProfileClient.java:1524)
	at com.blackboard.consulting.ccsc.service.impl.ProfileClient.getApplicationV1V2(ProfileClient.java:849)
	at com.blackboard.consulting.gradejourney.job.GradesExtractJob.execute(GradesExtractJob.java:53)
	at org.quartz.core.JobRunShell.run(JobRunShell.java:202)
	at org.quartz.simpl.SimpleThreadPool$WorkerThread.run(SimpleThreadPool.java:573)
Caused by: org.springframework.web.client.HttpClientErrorException$NotFound: 404 Not Found: "{"status":404,"code":"ApplicationNotFoundException","message":"No application identified by 'null' was found or given version is not available for given application"}"
	at org.springframework.web.client.HttpClientErrorException.create(HttpClientErrorException.java:113)
	at org.springframework.web.client.DefaultResponseErrorHandler.handleError(DefaultResponseErrorHandler.java:168)
	at org.springframework.web.client.DefaultResponseErrorHandler.handleError(DefaultResponseErrorHandler.java:122)
	at blackboard.plugin.updates.connection.CloudClientResponseErrorHandler.handleError(CloudClientResponseErrorHandler.java:86)
	at org.springframework.web.client.ResponseErrorHandler.handleError(ResponseErrorHandler.java:63)
	at org.springframework.web.client.RestTemplate.handleResponse(RestTemplate.java:825)
	at org.springframework.web.client.RestTemplate.doExecute(RestTemplate.java:783)
	at org.springframework.web.client.RestTemplate.execute(RestTemplate.java:717)
	at org.springframework.web.client.RestTemplate.exchange(RestTemplate.java:608)
	at blackboard.plugin.updates.connection.CloudRestClientImpl.lambda$exchange$0(CloudRestClientImpl.java:271)
	... 8 common frames omitted
ERROR[2025-09-16 08:42:00][485:c.b.c.core.web.rest.LtiRedirector             ] : Exception occurred in checkVersion: 
java.lang.NullPointerException: null
ERROR[2025-09-16 08:42:00][1529:c.b.c.ccsc.service.impl.ProfileClient        ] : cloud exception
blackboard.plugin.cloud.ext.connection.CloudClientException: An error occurred during a GET request to /v1/ccsc/api/applications/null/associations/ce9bb794-b5f4-482a-9699-e3c5a730ed38.
	at blackboard.plugin.updates.connection.CloudRestClientImpl.lambda$exchange$0(CloudRestClientImpl.java:290)
	at java.base/java.security.AccessController.doPrivileged(Native Method)
	at blackboard.plugin.updates.connection.CloudRestClientImpl.exchange(CloudRestClientImpl.java:262)
	at blackboard.plugin.updates.connection.CloudRestClientImpl.exchange(CloudRestClientImpl.java:253)
	at com.blackboard.consulting.ccsc.service.impl.ProfileClient.doRestOp(ProfileClient.java:1524)
	at com.blackboard.consulting.ccsc.service.impl.ProfileClient.getAssociationV1V2(ProfileClient.java:763)
	at com.blackboard.consulting.gradejourney.job.GradesExtractJob.execute(GradesExtractJob.java:54)
	at org.quartz.core.JobRunShell.run(JobRunShell.java:202)
	at org.quartz.simpl.SimpleThreadPool$WorkerThread.run(SimpleThreadPool.java:573)
Caused by: org.springframework.web.client.HttpClientErrorException$NotFound: 404 Not Found: "{"status":404,"code":"ApplicationNotFoundException","message":"No application identified by 'null' was found or given version is not available for given application"}"
	at org.springframework.web.client.HttpClientErrorException.create(HttpClientErrorException.java:113)
	at org.springframework.web.client.DefaultResponseErrorHandler.handleError(DefaultResponseErrorHandler.java:168)
	at org.springframework.web.client.DefaultResponseErrorHandler.handleError(DefaultResponseErrorHandler.java:122)
	at blackboard.plugin.updates.connection.CloudClientResponseErrorHandler.handleError(CloudClientResponseErrorHandler.java:86)
	at org.springframework.web.client.ResponseErrorHandler.handleError(ResponseErrorHandler.java:63)
	at org.springframework.web.client.RestTemplate.handleResponse(RestTemplate.java:825)
	at org.springframework.web.client.RestTemplate.doExecute(RestTemplate.java:783)
	at org.springframework.web.client.RestTemplate.execute(RestTemplate.java:717)
	at org.springframework.web.client.RestTemplate.exchange(RestTemplate.java:608)
	at blackboard.plugin.updates.connection.CloudRestClientImpl.lambda$exchange$0(CloudRestClientImpl.java:271)
	... 8 common frames omitted
ERROR[2025-09-16 08:42:00][85:c.b.c.gradejourney.job.GradesExtractJob        ] : Error Loading the settings
java.lang.NullPointerException: null
	at com.blackboard.consulting.gradejourney.service.impl.GradesJourneySettingsServiceImpl.loadGjSettings(GradesJourneySettingsServiceImpl.java:134)
	at jdk.internal.reflect.GeneratedMethodAccessor734.invoke(Unknown Source)
	at java.base/jdk.internal.reflect.DelegatingMethodAccessorImpl.invoke(DelegatingMethodAccessorImpl.java:43)
	at java.base/java.lang.reflect.Method.invoke(Method.java:566)
	at org.springframework.aop.support.AopUtils.invokeJoinpointUsingReflection(AopUtils.java:344)
	at org.springframework.aop.framework.JdkDynamicAopProxy.invoke(JdkDynamicAopProxy.java:208)
	at com.sun.proxy.$Proxy2474.loadGjSettings(Unknown Source)
	at com.blackboard.consulting.gradejourney.job.GradesExtractJob.execute(GradesExtractJob.java:55)
	at org.quartz.core.JobRunShell.run(JobRunShell.java:202)
	at org.quartz.simpl.SimpleThreadPool$WorkerThread.run(SimpleThreadPool.java:573)
INFO [2025-09-16 08:44:00][46:c.b.c.gradejourney.job.GradesExtractJob        ] : == Entering execute() of Job CronGJExtract.CronGJExtractJob ==
ERROR[2025-09-16 08:44:00][485:c.b.c.core.web.rest.LtiRedirector             ] : Exception occurred in checkVersion: 
java.lang.NullPointerException: null
INFO [2025-09-16 08:44:00][844:c.b.c.ccsc.service.impl.ProfileClient         ] : Param : RedirectParam [isV2=false, signJwt=null, url=null, extId=null]
ERROR[2025-09-16 08:44:00][1529:c.b.c.ccsc.service.impl.ProfileClient        ] : cloud exception
blackboard.plugin.cloud.ext.connection.CloudClientException: An error occurred during a GET request to /v1/ccsc/api/applications/null.
	at blackboard.plugin.updates.connection.CloudRestClientImpl.lambda$exchange$0(CloudRestClientImpl.java:290)
	at java.base/java.security.AccessController.doPrivileged(Native Method)
	at blackboard.plugin.updates.connection.CloudRestClientImpl.exchange(CloudRestClientImpl.java:262)
	at blackboard.plugin.updates.connection.CloudRestClientImpl.exchange(CloudRestClientImpl.java:253)
	at com.blackboard.consulting.ccsc.service.impl.ProfileClient.doRestOp(ProfileClient.java:1524)
	at com.blackboard.consulting.ccsc.service.impl.ProfileClient.getApplicationV1V2(ProfileClient.java:849)
	at com.blackboard.consulting.gradejourney.job.GradesExtractJob.execute(GradesExtractJob.java:53)
	at org.quartz.core.JobRunShell.run(JobRunShell.java:202)
	at org.quartz.simpl.SimpleThreadPool$WorkerThread.run(SimpleThreadPool.java:573)
Caused by: org.springframework.web.client.HttpClientErrorException$NotFound: 404 Not Found: "{"status":404,"code":"ApplicationNotFoundException","message":"No application identified by 'null' was found or given version is not available for given application"}"
	at org.springframework.web.client.HttpClientErrorException.create(HttpClientErrorException.java:113)
	at org.springframework.web.client.DefaultResponseErrorHandler.handleError(DefaultResponseErrorHandler.java:168)
	at org.springframework.web.client.DefaultResponseErrorHandler.handleError(DefaultResponseErrorHandler.java:122)
	at blackboard.plugin.updates.connection.CloudClientResponseErrorHandler.handleError(CloudClientResponseErrorHandler.java:86)
	at org.springframework.web.client.ResponseErrorHandler.handleError(ResponseErrorHandler.java:63)
	at org.springframework.web.client.RestTemplate.handleResponse(RestTemplate.java:825)
	at org.springframework.web.client.RestTemplate.doExecute(RestTemplate.java:783)
	at org.springframework.web.client.RestTemplate.execute(RestTemplate.java:717)
	at org.springframework.web.client.RestTemplate.exchange(RestTemplate.java:608)
	at blackboard.plugin.updates.connection.CloudRestClientImpl.lambda$exchange$0(CloudRestClientImpl.java:271)
	... 8 common frames omitted
ERROR[2025-09-16 08:44:00][485:c.b.c.core.web.rest.LtiRedirector             ] : Exception occurred in checkVersion: 
java.lang.NullPointerException: null
ERROR[2025-09-16 08:44:00][1529:c.b.c.ccsc.service.impl.ProfileClient        ] : cloud exception
blackboard.plugin.cloud.ext.connection.CloudClientException: An error occurred during a GET request to /v1/ccsc/api/applications/null/associations/ce9bb794-b5f4-482a-9699-e3c5a730ed38.
	at blackboard.plugin.updates.connection.CloudRestClientImpl.lambda$exchange$0(CloudRestClientImpl.java:290)
	at java.base/java.security.AccessController.doPrivileged(Native Method)
	at blackboard.plugin.updates.connection.CloudRestClientImpl.exchange(CloudRestClientImpl.java:262)
	at blackboard.plugin.updates.connection.CloudRestClientImpl.exchange(CloudRestClientImpl.java:253)
	at com.blackboard.consulting.ccsc.service.impl.ProfileClient.doRestOp(ProfileClient.java:1524)
	at com.blackboard.consulting.ccsc.service.impl.ProfileClient.getAssociationV1V2(ProfileClient.java:763)
	at com.blackboard.consulting.gradejourney.job.GradesExtractJob.execute(GradesExtractJob.java:54)
	at org.quartz.core.JobRunShell.run(JobRunShell.java:202)
	at org.quartz.simpl.SimpleThreadPool$WorkerThread.run(SimpleThreadPool.java:573)
Caused by: org.springframework.web.client.HttpClientErrorException$NotFound: 404 Not Found: "{"status":404,"code":"ApplicationNotFoundException","message":"No application identified by 'null' was found or given version is not available for given application"}"
	at org.springframework.web.client.HttpClientErrorException.create(HttpClientErrorException.java:113)
	at org.springframework.web.client.DefaultResponseErrorHandler.handleError(DefaultResponseErrorHandler.java:168)
	at org.springframework.web.client.DefaultResponseErrorHandler.handleError(DefaultResponseErrorHandler.java:122)
	at blackboard.plugin.updates.connection.CloudClientResponseErrorHandler.handleError(CloudClientResponseErrorHandler.java:86)
	at org.springframework.web.client.ResponseErrorHandler.handleError(ResponseErrorHandler.java:63)
	at org.springframework.web.client.RestTemplate.handleResponse(RestTemplate.java:825)
	at org.springframework.web.client.RestTemplate.doExecute(RestTemplate.java:783)
	at org.springframework.web.client.RestTemplate.execute(RestTemplate.java:717)
	at org.springframework.web.client.RestTemplate.exchange(RestTemplate.java:608)
	at blackboard.plugin.updates.connection.CloudRestClientImpl.lambda$exchange$0(CloudRestClientImpl.java:271)
	... 8 common frames omitted
ERROR[2025-09-16 08:44:00][85:c.b.c.gradejourney.job.GradesExtractJob        ] : Error Loading the settings
java.lang.NullPointerException: null
	at com.blackboard.consulting.gradejourney.service.impl.GradesJourneySettingsServiceImpl.loadGjSettings(GradesJourneySettingsServiceImpl.java:134)
	at jdk.internal.reflect.GeneratedMethodAccessor734.invoke(Unknown Source)
	at java.base/jdk.internal.reflect.DelegatingMethodAccessorImpl.invoke(DelegatingMethodAccessorImpl.java:43)
	at java.base/java.lang.reflect.Method.invoke(Method.java:566)
	at org.springframework.aop.support.AopUtils.invokeJoinpointUsingReflection(AopUtils.java:344)
	at org.springframework.aop.framework.JdkDynamicAopProxy.invoke(JdkDynamicAopProxy.java:208)
	at com.sun.proxy.$Proxy2474.loadGjSettings(Unknown Source)
	at com.blackboard.consulting.gradejourney.job.GradesExtractJob.execute(GradesExtractJob.java:55)
	at org.quartz.core.JobRunShell.run(JobRunShell.java:202)
	at org.quartz.simpl.SimpleThreadPool$WorkerThread.run(SimpleThreadPool.java:573)
INFO [2025-09-16 08:46:00][46:c.b.c.gradejourney.job.GradesExtractJob        ] : == Entering execute() of Job CronGJExtract.CronGJExtractJob ==
ERROR[2025-09-16 08:46:00][485:c.b.c.core.web.rest.LtiRedirector             ] : Exception occurred in checkVersion: 
java.lang.NullPointerException: null
INFO [2025-09-16 08:46:00][844:c.b.c.ccsc.service.impl.ProfileClient         ] : Param : RedirectParam [isV2=false, signJwt=null, url=null, extId=null]
ERROR[2025-09-16 08:46:00][1529:c.b.c.ccsc.service.impl.ProfileClient        ] : cloud exception
blackboard.plugin.cloud.ext.connection.CloudClientException: An error occurred during a GET request to /v1/ccsc/api/applications/null.
	at blackboard.plugin.updates.connection.CloudRestClientImpl.lambda$exchange$0(CloudRestClientImpl.java:290)
	at java.base/java.security.AccessController.doPrivileged(Native Method)
	at blackboard.plugin.updates.connection.CloudRestClientImpl.exchange(CloudRestClientImpl.java:262)
	at blackboard.plugin.updates.connection.CloudRestClientImpl.exchange(CloudRestClientImpl.java:253)
	at com.blackboard.consulting.ccsc.service.impl.ProfileClient.doRestOp(ProfileClient.java:1524)
	at com.blackboard.consulting.ccsc.service.impl.ProfileClient.getApplicationV1V2(ProfileClient.java:849)
	at com.blackboard.consulting.gradejourney.job.GradesExtractJob.execute(GradesExtractJob.java:53)
	at org.quartz.core.JobRunShell.run(JobRunShell.java:202)
	at org.quartz.simpl.SimpleThreadPool$WorkerThread.run(SimpleThreadPool.java:573)
Caused by: org.springframework.web.client.HttpClientErrorException$NotFound: 404 Not Found: "{"status":404,"code":"ApplicationNotFoundException","message":"No application identified by 'null' was found or given version is not available for given application"}"
	at org.springframework.web.client.HttpClientErrorException.create(HttpClientErrorException.java:113)
	at org.springframework.web.client.DefaultResponseErrorHandler.handleError(DefaultResponseErrorHandler.java:168)
	at org.springframework.web.client.DefaultResponseErrorHandler.handleError(DefaultResponseErrorHandler.java:122)
	at blackboard.plugin.updates.connection.CloudClientResponseErrorHandler.handleError(CloudClientResponseErrorHandler.java:86)
	at org.springframework.web.client.ResponseErrorHandler.handleError(ResponseErrorHandler.java:63)
	at org.springframework.web.client.RestTemplate.handleResponse(RestTemplate.java:825)
	at org.springframework.web.client.RestTemplate.doExecute(RestTemplate.java:783)
	at org.springframework.web.client.RestTemplate.execute(RestTemplate.java:717)
	at org.springframework.web.client.RestTemplate.exchange(RestTemplate.java:608)
	at blackboard.plugin.updates.connection.CloudRestClientImpl.lambda$exchange$0(CloudRestClientImpl.java:271)
	... 8 common frames omitted
ERROR[2025-09-16 08:46:00][485:c.b.c.core.web.rest.LtiRedirector             ] : Exception occurred in checkVersion: 
java.lang.NullPointerException: null
ERROR[2025-09-16 08:46:00][1529:c.b.c.ccsc.service.impl.ProfileClient        ] : cloud exception
blackboard.plugin.cloud.ext.connection.CloudClientException: An error occurred during a GET request to /v1/ccsc/api/applications/null/associations/ce9bb794-b5f4-482a-9699-e3c5a730ed38.
	at blackboard.plugin.updates.connection.CloudRestClientImpl.lambda$exchange$0(CloudRestClientImpl.java:290)
	at java.base/java.security.AccessController.doPrivileged(Native Method)
	at blackboard.plugin.updates.connection.CloudRestClientImpl.exchange(CloudRestClientImpl.java:262)
	at blackboard.plugin.updates.connection.CloudRestClientImpl.exchange(CloudRestClientImpl.java:253)
	at com.blackboard.consulting.ccsc.service.impl.ProfileClient.doRestOp(ProfileClient.java:1524)
	at com.blackboard.consulting.ccsc.service.impl.ProfileClient.getAssociationV1V2(ProfileClient.java:763)
	at com.blackboard.consulting.gradejourney.job.GradesExtractJob.execute(GradesExtractJob.java:54)
	at org.quartz.core.JobRunShell.run(JobRunShell.java:202)
	at org.quartz.simpl.SimpleThreadPool$WorkerThread.run(SimpleThreadPool.java:573)
Caused by: org.springframework.web.client.HttpClientErrorException$NotFound: 404 Not Found: "{"status":404,"code":"ApplicationNotFoundException","message":"No application identified by 'null' was found or given version is not available for given application"}"
	at org.springframework.web.client.HttpClientErrorException.create(HttpClientErrorException.java:113)
	at org.springframework.web.client.DefaultResponseErrorHandler.handleError(DefaultResponseErrorHandler.java:168)
	at org.springframework.web.client.DefaultResponseErrorHandler.handleError(DefaultResponseErrorHandler.java:122)
	at blackboard.plugin.updates.connection.CloudClientResponseErrorHandler.handleError(CloudClientResponseErrorHandler.java:86)
	at org.springframework.web.client.ResponseErrorHandler.handleError(ResponseErrorHandler.java:63)
	at org.springframework.web.client.RestTemplate.handleResponse(RestTemplate.java:825)
	at org.springframework.web.client.RestTemplate.doExecute(RestTemplate.java:783)
	at org.springframework.web.client.RestTemplate.execute(RestTemplate.java:717)
	at org.springframework.web.client.RestTemplate.exchange(RestTemplate.java:608)
	at blackboard.plugin.updates.connection.CloudRestClientImpl.lambda$exchange$0(CloudRestClientImpl.java:271)
	... 8 common frames omitted
ERROR[2025-09-16 08:46:00][85:c.b.c.gradejourney.job.GradesExtractJob        ] : Error Loading the settings
java.lang.NullPointerException: null
	at com.blackboard.consulting.gradejourney.service.impl.GradesJourneySettingsServiceImpl.loadGjSettings(GradesJourneySettingsServiceImpl.java:134)
	at jdk.internal.reflect.GeneratedMethodAccessor734.invoke(Unknown Source)
	at java.base/jdk.internal.reflect.DelegatingMethodAccessorImpl.invoke(DelegatingMethodAccessorImpl.java:43)
	at java.base/java.lang.reflect.Method.invoke(Method.java:566)
	at org.springframework.aop.support.AopUtils.invokeJoinpointUsingReflection(AopUtils.java:344)
	at org.springframework.aop.framework.JdkDynamicAopProxy.invoke(JdkDynamicAopProxy.java:208)
	at com.sun.proxy.$Proxy2474.loadGjSettings(Unknown Source)
	at com.blackboard.consulting.gradejourney.job.GradesExtractJob.execute(GradesExtractJob.java:55)
	at org.quartz.core.JobRunShell.run(JobRunShell.java:202)
	at org.quartz.simpl.SimpleThreadPool$WorkerThread.run(SimpleThreadPool.java:573)
INFO [2025-09-16 08:49:00][46:c.b.c.gradejourney.job.GradesExtractJob        ] : == Entering execute() of Job CronGJExtract.CronGJExtractJob ==
ERROR[2025-09-16 08:49:00][485:c.b.c.core.web.rest.LtiRedirector             ] : Exception occurred in checkVersion: 
java.lang.NullPointerException: null
INFO [2025-09-16 08:49:00][844:c.b.c.ccsc.service.impl.ProfileClient         ] : Param : RedirectParam [isV2=false, signJwt=null, url=null, extId=null]
ERROR[2025-09-16 08:49:00][1529:c.b.c.ccsc.service.impl.ProfileClient        ] : cloud exception
blackboard.plugin.cloud.ext.connection.CloudClientException: An error occurred during a GET request to /v1/ccsc/api/applications/null.
	at blackboard.plugin.updates.connection.CloudRestClientImpl.lambda$exchange$0(CloudRestClientImpl.java:290)
	at java.base/java.security.AccessController.doPrivileged(Native Method)
	at blackboard.plugin.updates.connection.CloudRestClientImpl.exchange(CloudRestClientImpl.java:262)
	at blackboard.plugin.updates.connection.CloudRestClientImpl.exchange(CloudRestClientImpl.java:253)
	at com.blackboard.consulting.ccsc.service.impl.ProfileClient.doRestOp(ProfileClient.java:1524)
	at com.blackboard.consulting.ccsc.service.impl.ProfileClient.getApplicationV1V2(ProfileClient.java:849)
	at com.blackboard.consulting.gradejourney.job.GradesExtractJob.execute(GradesExtractJob.java:53)
	at org.quartz.core.JobRunShell.run(JobRunShell.java:202)
	at org.quartz.simpl.SimpleThreadPool$WorkerThread.run(SimpleThreadPool.java:573)
Caused by: org.springframework.web.client.HttpClientErrorException$NotFound: 404 Not Found: "{"status":404,"code":"ApplicationNotFoundException","message":"No application identified by 'null' was found or given version is not available for given application"}"
	at org.springframework.web.client.HttpClientErrorException.create(HttpClientErrorException.java:113)
	at org.springframework.web.client.DefaultResponseErrorHandler.handleError(DefaultResponseErrorHandler.java:168)
	at org.springframework.web.client.DefaultResponseErrorHandler.handleError(DefaultResponseErrorHandler.java:122)
	at blackboard.plugin.updates.connection.CloudClientResponseErrorHandler.handleError(CloudClientResponseErrorHandler.java:86)
	at org.springframework.web.client.ResponseErrorHandler.handleError(ResponseErrorHandler.java:63)
	at org.springframework.web.client.RestTemplate.handleResponse(RestTemplate.java:825)
	at org.springframework.web.client.RestTemplate.doExecute(RestTemplate.java:783)
	at org.springframework.web.client.RestTemplate.execute(RestTemplate.java:717)
	at org.springframework.web.client.RestTemplate.exchange(RestTemplate.java:608)
	at blackboard.plugin.updates.connection.CloudRestClientImpl.lambda$exchange$0(CloudRestClientImpl.java:271)
	... 8 common frames omitted
ERROR[2025-09-16 08:49:00][485:c.b.c.core.web.rest.LtiRedirector             ] : Exception occurred in checkVersion: 
java.lang.NullPointerException: null
ERROR[2025-09-16 08:49:00][1529:c.b.c.ccsc.service.impl.ProfileClient        ] : cloud exception
blackboard.plugin.cloud.ext.connection.CloudClientException: An error occurred during a GET request to /v1/ccsc/api/applications/null/associations/ce9bb794-b5f4-482a-9699-e3c5a730ed38.
	at blackboard.plugin.updates.connection.CloudRestClientImpl.lambda$exchange$0(CloudRestClientImpl.java:290)
	at java.base/java.security.AccessController.doPrivileged(Native Method)
	at blackboard.plugin.updates.connection.CloudRestClientImpl.exchange(CloudRestClientImpl.java:262)
	at blackboard.plugin.updates.connection.CloudRestClientImpl.exchange(CloudRestClientImpl.java:253)
	at com.blackboard.consulting.ccsc.service.impl.ProfileClient.doRestOp(ProfileClient.java:1524)
	at com.blackboard.consulting.ccsc.service.impl.ProfileClient.getAssociationV1V2(ProfileClient.java:763)
	at com.blackboard.consulting.gradejourney.job.GradesExtractJob.execute(GradesExtractJob.java:54)
	at org.quartz.core.JobRunShell.run(JobRunShell.java:202)
	at org.quartz.simpl.SimpleThreadPool$WorkerThread.run(SimpleThreadPool.java:573)
Caused by: org.springframework.web.client.HttpClientErrorException$NotFound: 404 Not Found: "{"status":404,"code":"ApplicationNotFoundException","message":"No application identified by 'null' was found or given version is not available for given application"}"
	at org.springframework.web.client.HttpClientErrorException.create(HttpClientErrorException.java:113)
	at org.springframework.web.client.DefaultResponseErrorHandler.handleError(DefaultResponseErrorHandler.java:168)
	at org.springframework.web.client.DefaultResponseErrorHandler.handleError(DefaultResponseErrorHandler.java:122)
	at blackboard.plugin.updates.connection.CloudClientResponseErrorHandler.handleError(CloudClientResponseErrorHandler.java:86)
	at org.springframework.web.client.ResponseErrorHandler.handleError(ResponseErrorHandler.java:63)
	at org.springframework.web.client.RestTemplate.handleResponse(RestTemplate.java:825)
	at org.springframework.web.client.RestTemplate.doExecute(RestTemplate.java:783)
	at org.springframework.web.client.RestTemplate.execute(RestTemplate.java:717)
	at org.springframework.web.client.RestTemplate.exchange(RestTemplate.java:608)
	at blackboard.plugin.updates.connection.CloudRestClientImpl.lambda$exchange$0(CloudRestClientImpl.java:271)
	... 8 common frames omitted
ERROR[2025-09-16 08:49:00][85:c.b.c.gradejourney.job.GradesExtractJob        ] : Error Loading the settings
java.lang.NullPointerException: null
	at com.blackboard.consulting.gradejourney.service.impl.GradesJourneySettingsServiceImpl.loadGjSettings(GradesJourneySettingsServiceImpl.java:134)
	at jdk.internal.reflect.GeneratedMethodAccessor734.invoke(Unknown Source)
	at java.base/jdk.internal.reflect.DelegatingMethodAccessorImpl.invoke(DelegatingMethodAccessorImpl.java:43)
	at java.base/java.lang.reflect.Method.invoke(Method.java:566)
	at org.springframework.aop.support.AopUtils.invokeJoinpointUsingReflection(AopUtils.java:344)
	at org.springframework.aop.framework.JdkDynamicAopProxy.invoke(JdkDynamicAopProxy.java:208)
	at com.sun.proxy.$Proxy2474.loadGjSettings(Unknown Source)
	at com.blackboard.consulting.gradejourney.job.GradesExtractJob.execute(GradesExtractJob.java:55)
	at org.quartz.core.JobRunShell.run(JobRunShell.java:202)
	at org.quartz.simpl.SimpleThreadPool$WorkerThread.run(SimpleThreadPool.java:573)
INFO [2025-09-16 08:51:00][46:c.b.c.gradejourney.job.GradesExtractJob        ] : == Entering execute() of Job CronGJExtract.CronGJExtractJob ==
ERROR[2025-09-16 08:51:00][485:c.b.c.core.web.rest.LtiRedirector             ] : Exception occurred in checkVersion: 
java.lang.NullPointerException: null
INFO [2025-09-16 08:51:00][844:c.b.c.ccsc.service.impl.ProfileClient         ] : Param : RedirectParam [isV2=false, signJwt=null, url=null, extId=null]
ERROR[2025-09-16 08:51:00][1529:c.b.c.ccsc.service.impl.ProfileClient        ] : cloud exception
blackboard.plugin.cloud.ext.connection.CloudClientException: An error occurred during a GET request to /v1/ccsc/api/applications/null.
	at blackboard.plugin.updates.connection.CloudRestClientImpl.lambda$exchange$0(CloudRestClientImpl.java:290)
	at java.base/java.security.AccessController.doPrivileged(Native Method)
	at blackboard.plugin.updates.connection.CloudRestClientImpl.exchange(CloudRestClientImpl.java:262)
	at blackboard.plugin.updates.connection.CloudRestClientImpl.exchange(CloudRestClientImpl.java:253)
	at com.blackboard.consulting.ccsc.service.impl.ProfileClient.doRestOp(ProfileClient.java:1524)
	at com.blackboard.consulting.ccsc.service.impl.ProfileClient.getApplicationV1V2(ProfileClient.java:849)
	at com.blackboard.consulting.gradejourney.job.GradesExtractJob.execute(GradesExtractJob.java:53)
	at org.quartz.core.JobRunShell.run(JobRunShell.java:202)
	at org.quartz.simpl.SimpleThreadPool$WorkerThread.run(SimpleThreadPool.java:573)
Caused by: org.springframework.web.client.HttpClientErrorException$NotFound: 404 Not Found: "{"status":404,"code":"ApplicationNotFoundException","message":"No application identified by 'null' was found or given version is not available for given application"}"
	at org.springframework.web.client.HttpClientErrorException.create(HttpClientErrorException.java:113)
	at org.springframework.web.client.DefaultResponseErrorHandler.handleError(DefaultResponseErrorHandler.java:168)
	at org.springframework.web.client.DefaultResponseErrorHandler.handleError(DefaultResponseErrorHandler.java:122)
	at blackboard.plugin.updates.connection.CloudClientResponseErrorHandler.handleError(CloudClientResponseErrorHandler.java:86)
	at org.springframework.web.client.ResponseErrorHandler.handleError(ResponseErrorHandler.java:63)
	at org.springframework.web.client.RestTemplate.handleResponse(RestTemplate.java:825)
	at org.springframework.web.client.RestTemplate.doExecute(RestTemplate.java:783)
	at org.springframework.web.client.RestTemplate.execute(RestTemplate.java:717)
	at org.springframework.web.client.RestTemplate.exchange(RestTemplate.java:608)
	at blackboard.plugin.updates.connection.CloudRestClientImpl.lambda$exchange$0(CloudRestClientImpl.java:271)
	... 8 common frames omitted
ERROR[2025-09-16 08:51:00][485:c.b.c.core.web.rest.LtiRedirector             ] : Exception occurred in checkVersion: 
java.lang.NullPointerException: null
ERROR[2025-09-16 08:51:00][1529:c.b.c.ccsc.service.impl.ProfileClient        ] : cloud exception
blackboard.plugin.cloud.ext.connection.CloudClientException: An error occurred during a GET request to /v1/ccsc/api/applications/null/associations/ce9bb794-b5f4-482a-9699-e3c5a730ed38.
	at blackboard.plugin.updates.connection.CloudRestClientImpl.lambda$exchange$0(CloudRestClientImpl.java:290)
	at java.base/java.security.AccessController.doPrivileged(Native Method)
	at blackboard.plugin.updates.connection.CloudRestClientImpl.exchange(CloudRestClientImpl.java:262)
	at blackboard.plugin.updates.connection.CloudRestClientImpl.exchange(CloudRestClientImpl.java:253)
	at com.blackboard.consulting.ccsc.service.impl.ProfileClient.doRestOp(ProfileClient.java:1524)
	at com.blackboard.consulting.ccsc.service.impl.ProfileClient.getAssociationV1V2(ProfileClient.java:763)
	at com.blackboard.consulting.gradejourney.job.GradesExtractJob.execute(GradesExtractJob.java:54)
	at org.quartz.core.JobRunShell.run(JobRunShell.java:202)
	at org.quartz.simpl.SimpleThreadPool$WorkerThread.run(SimpleThreadPool.java:573)
Caused by: org.springframework.web.client.HttpClientErrorException$NotFound: 404 Not Found: "{"status":404,"code":"ApplicationNotFoundException","message":"No application identified by 'null' was found or given version is not available for given application"}"
	at org.springframework.web.client.HttpClientErrorException.create(HttpClientErrorException.java:113)
	at org.springframework.web.client.DefaultResponseErrorHandler.handleError(DefaultResponseErrorHandler.java:168)
	at org.springframework.web.client.DefaultResponseErrorHandler.handleError(DefaultResponseErrorHandler.java:122)
	at blackboard.plugin.updates.connection.CloudClientResponseErrorHandler.handleError(CloudClientResponseErrorHandler.java:86)
	at org.springframework.web.client.ResponseErrorHandler.handleError(ResponseErrorHandler.java:63)
	at org.springframework.web.client.RestTemplate.handleResponse(RestTemplate.java:825)
	at org.springframework.web.client.RestTemplate.doExecute(RestTemplate.java:783)
	at org.springframework.web.client.RestTemplate.execute(RestTemplate.java:717)
	at org.springframework.web.client.RestTemplate.exchange(RestTemplate.java:608)
	at blackboard.plugin.updates.connection.CloudRestClientImpl.lambda$exchange$0(CloudRestClientImpl.java:271)
	... 8 common frames omitted
ERROR[2025-09-16 08:51:00][85:c.b.c.gradejourney.job.GradesExtractJob        ] : Error Loading the settings
java.lang.NullPointerException: null
	at com.blackboard.consulting.gradejourney.service.impl.GradesJourneySettingsServiceImpl.loadGjSettings(GradesJourneySettingsServiceImpl.java:134)
	at jdk.internal.reflect.GeneratedMethodAccessor734.invoke(Unknown Source)
	at java.base/jdk.internal.reflect.DelegatingMethodAccessorImpl.invoke(DelegatingMethodAccessorImpl.java:43)
	at java.base/java.lang.reflect.Method.invoke(Method.java:566)
	at org.springframework.aop.support.AopUtils.invokeJoinpointUsingReflection(AopUtils.java:344)
	at org.springframework.aop.framework.JdkDynamicAopProxy.invoke(JdkDynamicAopProxy.java:208)
	at com.sun.proxy.$Proxy2474.loadGjSettings(Unknown Source)
	at com.blackboard.consulting.gradejourney.job.GradesExtractJob.execute(GradesExtractJob.java:55)
	at org.quartz.core.JobRunShell.run(JobRunShell.java:202)
	at org.quartz.simpl.SimpleThreadPool$WorkerThread.run(SimpleThreadPool.java:573)
INFO [2025-09-16 08:53:00][46:c.b.c.gradejourney.job.GradesExtractJob        ] : == Entering execute() of Job CronGJExtract.CronGJExtractJob ==
ERROR[2025-09-16 08:53:00][485:c.b.c.core.web.rest.LtiRedirector             ] : Exception occurred in checkVersion: 
java.lang.NullPointerException: null
INFO [2025-09-16 08:53:00][844:c.b.c.ccsc.service.impl.ProfileClient         ] : Param : RedirectParam [isV2=false, signJwt=null, url=null, extId=null]
ERROR[2025-09-16 08:53:00][1529:c.b.c.ccsc.service.impl.ProfileClient        ] : cloud exception
blackboard.plugin.cloud.ext.connection.CloudClientException: An error occurred during a GET request to /v1/ccsc/api/applications/null.
	at blackboard.plugin.updates.connection.CloudRestClientImpl.lambda$exchange$0(CloudRestClientImpl.java:290)
	at java.base/java.security.AccessController.doPrivileged(Native Method)
	at blackboard.plugin.updates.connection.CloudRestClientImpl.exchange(CloudRestClientImpl.java:262)
	at blackboard.plugin.updates.connection.CloudRestClientImpl.exchange(CloudRestClientImpl.java:253)
	at com.blackboard.consulting.ccsc.service.impl.ProfileClient.doRestOp(ProfileClient.java:1524)
	at com.blackboard.consulting.ccsc.service.impl.ProfileClient.getApplicationV1V2(ProfileClient.java:849)
	at com.blackboard.consulting.gradejourney.job.GradesExtractJob.execute(GradesExtractJob.java:53)
	at org.quartz.core.JobRunShell.run(JobRunShell.java:202)
	at org.quartz.simpl.SimpleThreadPool$WorkerThread.run(SimpleThreadPool.java:573)
Caused by: org.springframework.web.client.HttpClientErrorException$NotFound: 404 Not Found: "{"status":404,"code":"ApplicationNotFoundException","message":"No application identified by 'null' was found or given version is not available for given application"}"
	at org.springframework.web.client.HttpClientErrorException.create(HttpClientErrorException.java:113)
	at org.springframework.web.client.DefaultResponseErrorHandler.handleError(DefaultResponseErrorHandler.java:168)
	at org.springframework.web.client.DefaultResponseErrorHandler.handleError(DefaultResponseErrorHandler.java:122)
	at blackboard.plugin.updates.connection.CloudClientResponseErrorHandler.handleError(CloudClientResponseErrorHandler.java:86)
	at org.springframework.web.client.ResponseErrorHandler.handleError(ResponseErrorHandler.java:63)
	at org.springframework.web.client.RestTemplate.handleResponse(RestTemplate.java:825)
	at org.springframework.web.client.RestTemplate.doExecute(RestTemplate.java:783)
	at org.springframework.web.client.RestTemplate.execute(RestTemplate.java:717)
	at org.springframework.web.client.RestTemplate.exchange(RestTemplate.java:608)
	at blackboard.plugin.updates.connection.CloudRestClientImpl.lambda$exchange$0(CloudRestClientImpl.java:271)
	... 8 common frames omitted
ERROR[2025-09-16 08:53:00][485:c.b.c.core.web.rest.LtiRedirector             ] : Exception occurred in checkVersion: 
java.lang.NullPointerException: null
ERROR[2025-09-16 08:53:00][1529:c.b.c.ccsc.service.impl.ProfileClient        ] : cloud exception
blackboard.plugin.cloud.ext.connection.CloudClientException: An error occurred during a GET request to /v1/ccsc/api/applications/null/associations/ce9bb794-b5f4-482a-9699-e3c5a730ed38.
	at blackboard.plugin.updates.connection.CloudRestClientImpl.lambda$exchange$0(CloudRestClientImpl.java:290)
	at java.base/java.security.AccessController.doPrivileged(Native Method)
	at blackboard.plugin.updates.connection.CloudRestClientImpl.exchange(CloudRestClientImpl.java:262)
	at blackboard.plugin.updates.connection.CloudRestClientImpl.exchange(CloudRestClientImpl.java:253)
	at com.blackboard.consulting.ccsc.service.impl.ProfileClient.doRestOp(ProfileClient.java:1524)
	at com.blackboard.consulting.ccsc.service.impl.ProfileClient.getAssociationV1V2(ProfileClient.java:763)
	at com.blackboard.consulting.gradejourney.job.GradesExtractJob.execute(GradesExtractJob.java:54)
	at org.quartz.core.JobRunShell.run(JobRunShell.java:202)
	at org.quartz.simpl.SimpleThreadPool$WorkerThread.run(SimpleThreadPool.java:573)
Caused by: org.springframework.web.client.HttpClientErrorException$NotFound: 404 Not Found: "{"status":404,"code":"ApplicationNotFoundException","message":"No application identified by 'null' was found or given version is not available for given application"}"
	at org.springframework.web.client.HttpClientErrorException.create(HttpClientErrorException.java:113)
	at org.springframework.web.client.DefaultResponseErrorHandler.handleError(DefaultResponseErrorHandler.java:168)
	at org.springframework.web.client.DefaultResponseErrorHandler.handleError(DefaultResponseErrorHandler.java:122)
	at blackboard.plugin.updates.connection.CloudClientResponseErrorHandler.handleError(CloudClientResponseErrorHandler.java:86)
	at org.springframework.web.client.ResponseErrorHandler.handleError(ResponseErrorHandler.java:63)
	at org.springframework.web.client.RestTemplate.handleResponse(RestTemplate.java:825)
	at org.springframework.web.client.RestTemplate.doExecute(RestTemplate.java:783)
	at org.springframework.web.client.RestTemplate.execute(RestTemplate.java:717)
	at org.springframework.web.client.RestTemplate.exchange(RestTemplate.java:608)
	at blackboard.plugin.updates.connection.CloudRestClientImpl.lambda$exchange$0(CloudRestClientImpl.java:271)
	... 8 common frames omitted
ERROR[2025-09-16 08:53:00][85:c.b.c.gradejourney.job.GradesExtractJob        ] : Error Loading the settings
java.lang.NullPointerException: null
	at com.blackboard.consulting.gradejourney.service.impl.GradesJourneySettingsServiceImpl.loadGjSettings(GradesJourneySettingsServiceImpl.java:134)
	at jdk.internal.reflect.GeneratedMethodAccessor734.invoke(Unknown Source)
	at java.base/jdk.internal.reflect.DelegatingMethodAccessorImpl.invoke(DelegatingMethodAccessorImpl.java:43)
	at java.base/java.lang.reflect.Method.invoke(Method.java:566)
	at org.springframework.aop.support.AopUtils.invokeJoinpointUsingReflection(AopUtils.java:344)
	at org.springframework.aop.framework.JdkDynamicAopProxy.invoke(JdkDynamicAopProxy.java:208)
	at com.sun.proxy.$Proxy2474.loadGjSettings(Unknown Source)
	at com.blackboard.consulting.gradejourney.job.GradesExtractJob.execute(GradesExtractJob.java:55)
	at org.quartz.core.JobRunShell.run(JobRunShell.java:202)
	at org.quartz.simpl.SimpleThreadPool$WorkerThread.run(SimpleThreadPool.java:573)
INFO [2025-09-16 08:55:00][46:c.b.c.gradejourney.job.GradesExtractJob        ] : == Entering execute() of Job CronGJExtract.CronGJExtractJob ==
ERROR[2025-09-16 08:55:00][485:c.b.c.core.web.rest.LtiRedirector             ] : Exception occurred in checkVersion: 
java.lang.NullPointerException: null
INFO [2025-09-16 08:55:00][844:c.b.c.ccsc.service.impl.ProfileClient         ] : Param : RedirectParam [isV2=false, signJwt=null, url=null, extId=null]
ERROR[2025-09-16 08:55:00][1529:c.b.c.ccsc.service.impl.ProfileClient        ] : cloud exception
blackboard.plugin.cloud.ext.connection.CloudClientException: An error occurred during a GET request to /v1/ccsc/api/applications/null.
	at blackboard.plugin.updates.connection.CloudRestClientImpl.lambda$exchange$0(CloudRestClientImpl.java:290)
	at java.base/java.security.AccessController.doPrivileged(Native Method)
	at blackboard.plugin.updates.connection.CloudRestClientImpl.exchange(CloudRestClientImpl.java:262)
	at blackboard.plugin.updates.connection.CloudRestClientImpl.exchange(CloudRestClientImpl.java:253)
	at com.blackboard.consulting.ccsc.service.impl.ProfileClient.doRestOp(ProfileClient.java:1524)
	at com.blackboard.consulting.ccsc.service.impl.ProfileClient.getApplicationV1V2(ProfileClient.java:849)
	at com.blackboard.consulting.gradejourney.job.GradesExtractJob.execute(GradesExtractJob.java:53)
	at org.quartz.core.JobRunShell.run(JobRunShell.java:202)
	at org.quartz.simpl.SimpleThreadPool$WorkerThread.run(SimpleThreadPool.java:573)
Caused by: org.springframework.web.client.HttpClientErrorException$NotFound: 404 Not Found: "{"status":404,"code":"ApplicationNotFoundException","message":"No application identified by 'null' was found or given version is not available for given application"}"
	at org.springframework.web.client.HttpClientErrorException.create(HttpClientErrorException.java:113)
	at org.springframework.web.client.DefaultResponseErrorHandler.handleError(DefaultResponseErrorHandler.java:168)
	at org.springframework.web.client.DefaultResponseErrorHandler.handleError(DefaultResponseErrorHandler.java:122)
	at blackboard.plugin.updates.connection.CloudClientResponseErrorHandler.handleError(CloudClientResponseErrorHandler.java:86)
	at org.springframework.web.client.ResponseErrorHandler.handleError(ResponseErrorHandler.java:63)
	at org.springframework.web.client.RestTemplate.handleResponse(RestTemplate.java:825)
	at org.springframework.web.client.RestTemplate.doExecute(RestTemplate.java:783)
	at org.springframework.web.client.RestTemplate.execute(RestTemplate.java:717)
	at org.springframework.web.client.RestTemplate.exchange(RestTemplate.java:608)
	at blackboard.plugin.updates.connection.CloudRestClientImpl.lambda$exchange$0(CloudRestClientImpl.java:271)
	... 8 common frames omitted
ERROR[2025-09-16 08:55:00][485:c.b.c.core.web.rest.LtiRedirector             ] : Exception occurred in checkVersion: 
java.lang.NullPointerException: null
ERROR[2025-09-16 08:55:00][1529:c.b.c.ccsc.service.impl.ProfileClient        ] : cloud exception
blackboard.plugin.cloud.ext.connection.CloudClientException: An error occurred during a GET request to /v1/ccsc/api/applications/null/associations/ce9bb794-b5f4-482a-9699-e3c5a730ed38.
	at blackboard.plugin.updates.connection.CloudRestClientImpl.lambda$exchange$0(CloudRestClientImpl.java:290)
	at java.base/java.security.AccessController.doPrivileged(Native Method)
	at blackboard.plugin.updates.connection.CloudRestClientImpl.exchange(CloudRestClientImpl.java:262)
	at blackboard.plugin.updates.connection.CloudRestClientImpl.exchange(CloudRestClientImpl.java:253)
	at com.blackboard.consulting.ccsc.service.impl.ProfileClient.doRestOp(ProfileClient.java:1524)
	at com.blackboard.consulting.ccsc.service.impl.ProfileClient.getAssociationV1V2(ProfileClient.java:763)
	at com.blackboard.consulting.gradejourney.job.GradesExtractJob.execute(GradesExtractJob.java:54)
	at org.quartz.core.JobRunShell.run(JobRunShell.java:202)
	at org.quartz.simpl.SimpleThreadPool$WorkerThread.run(SimpleThreadPool.java:573)
Caused by: org.springframework.web.client.HttpClientErrorException$NotFound: 404 Not Found: "{"status":404,"code":"ApplicationNotFoundException","message":"No application identified by 'null' was found or given version is not available for given application"}"
	at org.springframework.web.client.HttpClientErrorException.create(HttpClientErrorException.java:113)
	at org.springframework.web.client.DefaultResponseErrorHandler.handleError(DefaultResponseErrorHandler.java:168)
	at org.springframework.web.client.DefaultResponseErrorHandler.handleError(DefaultResponseErrorHandler.java:122)
	at blackboard.plugin.updates.connection.CloudClientResponseErrorHandler.handleError(CloudClientResponseErrorHandler.java:86)
	at org.springframework.web.client.ResponseErrorHandler.handleError(ResponseErrorHandler.java:63)
	at org.springframework.web.client.RestTemplate.handleResponse(RestTemplate.java:825)
	at org.springframework.web.client.RestTemplate.doExecute(RestTemplate.java:783)
	at org.springframework.web.client.RestTemplate.execute(RestTemplate.java:717)
	at org.springframework.web.client.RestTemplate.exchange(RestTemplate.java:608)
	at blackboard.plugin.updates.connection.CloudRestClientImpl.lambda$exchange$0(CloudRestClientImpl.java:271)
	... 8 common frames omitted
ERROR[2025-09-16 08:55:00][85:c.b.c.gradejourney.job.GradesExtractJob        ] : Error Loading the settings
java.lang.NullPointerException: null
	at com.blackboard.consulting.gradejourney.service.impl.GradesJourneySettingsServiceImpl.loadGjSettings(GradesJourneySettingsServiceImpl.java:134)
	at jdk.internal.reflect.GeneratedMethodAccessor734.invoke(Unknown Source)
	at java.base/jdk.internal.reflect.DelegatingMethodAccessorImpl.invoke(DelegatingMethodAccessorImpl.java:43)
	at java.base/java.lang.reflect.Method.invoke(Method.java:566)
	at org.springframework.aop.support.AopUtils.invokeJoinpointUsingReflection(AopUtils.java:344)
	at org.springframework.aop.framework.JdkDynamicAopProxy.invoke(JdkDynamicAopProxy.java:208)
	at com.sun.proxy.$Proxy2474.loadGjSettings(Unknown Source)
	at com.blackboard.consulting.gradejourney.job.GradesExtractJob.execute(GradesExtractJob.java:55)
	at org.quartz.core.JobRunShell.run(JobRunShell.java:202)
	at org.quartz.simpl.SimpleThreadPool$WorkerThread.run(SimpleThreadPool.java:573)
INFO [2025-09-16 08:57:00][46:c.b.c.gradejourney.job.GradesExtractJob        ] : == Entering execute() of Job CronGJExtract.CronGJExtractJob ==
ERROR[2025-09-16 08:57:00][485:c.b.c.core.web.rest.LtiRedirector             ] : Exception occurred in checkVersion: 
java.lang.NullPointerException: null
INFO [2025-09-16 08:57:00][844:c.b.c.ccsc.service.impl.ProfileClient         ] : Param : RedirectParam [isV2=false, signJwt=null, url=null, extId=null]
ERROR[2025-09-16 08:57:00][1529:c.b.c.ccsc.service.impl.ProfileClient        ] : cloud exception
blackboard.plugin.cloud.ext.connection.CloudClientException: An error occurred during a GET request to /v1/ccsc/api/applications/null.
	at blackboard.plugin.updates.connection.CloudRestClientImpl.lambda$exchange$0(CloudRestClientImpl.java:290)
	at java.base/java.security.AccessController.doPrivileged(Native Method)
	at blackboard.plugin.updates.connection.CloudRestClientImpl.exchange(CloudRestClientImpl.java:262)
	at blackboard.plugin.updates.connection.CloudRestClientImpl.exchange(CloudRestClientImpl.java:253)
	at com.blackboard.consulting.ccsc.service.impl.ProfileClient.doRestOp(ProfileClient.java:1524)
	at com.blackboard.consulting.ccsc.service.impl.ProfileClient.getApplicationV1V2(ProfileClient.java:849)
	at com.blackboard.consulting.gradejourney.job.GradesExtractJob.execute(GradesExtractJob.java:53)
	at org.quartz.core.JobRunShell.run(JobRunShell.java:202)
	at org.quartz.simpl.SimpleThreadPool$WorkerThread.run(SimpleThreadPool.java:573)
Caused by: org.springframework.web.client.HttpClientErrorException$NotFound: 404 Not Found: "{"status":404,"code":"ApplicationNotFoundException","message":"No application identified by 'null' was found or given version is not available for given application"}"
	at org.springframework.web.client.HttpClientErrorException.create(HttpClientErrorException.java:113)
	at org.springframework.web.client.DefaultResponseErrorHandler.handleError(DefaultResponseErrorHandler.java:168)
	at org.springframework.web.client.DefaultResponseErrorHandler.handleError(DefaultResponseErrorHandler.java:122)
	at blackboard.plugin.updates.connection.CloudClientResponseErrorHandler.handleError(CloudClientResponseErrorHandler.java:86)
	at org.springframework.web.client.ResponseErrorHandler.handleError(ResponseErrorHandler.java:63)
	at org.springframework.web.client.RestTemplate.handleResponse(RestTemplate.java:825)
	at org.springframework.web.client.RestTemplate.doExecute(RestTemplate.java:783)
	at org.springframework.web.client.RestTemplate.execute(RestTemplate.java:717)
	at org.springframework.web.client.RestTemplate.exchange(RestTemplate.java:608)
	at blackboard.plugin.updates.connection.CloudRestClientImpl.lambda$exchange$0(CloudRestClientImpl.java:271)
	... 8 common frames omitted
ERROR[2025-09-16 08:57:00][485:c.b.c.core.web.rest.LtiRedirector             ] : Exception occurred in checkVersion: 
java.lang.NullPointerException: null
ERROR[2025-09-16 08:57:00][1529:c.b.c.ccsc.service.impl.ProfileClient        ] : cloud exception
blackboard.plugin.cloud.ext.connection.CloudClientException: An error occurred during a GET request to /v1/ccsc/api/applications/null/associations/ce9bb794-b5f4-482a-9699-e3c5a730ed38.
	at blackboard.plugin.updates.connection.CloudRestClientImpl.lambda$exchange$0(CloudRestClientImpl.java:290)
	at java.base/java.security.AccessController.doPrivileged(Native Method)
	at blackboard.plugin.updates.connection.CloudRestClientImpl.exchange(CloudRestClientImpl.java:262)
	at blackboard.plugin.updates.connection.CloudRestClientImpl.exchange(CloudRestClientImpl.java:253)
	at com.blackboard.consulting.ccsc.service.impl.ProfileClient.doRestOp(ProfileClient.java:1524)
	at com.blackboard.consulting.ccsc.service.impl.ProfileClient.getAssociationV1V2(ProfileClient.java:763)
	at com.blackboard.consulting.gradejourney.job.GradesExtractJob.execute(GradesExtractJob.java:54)
	at org.quartz.core.JobRunShell.run(JobRunShell.java:202)
	at org.quartz.simpl.SimpleThreadPool$WorkerThread.run(SimpleThreadPool.java:573)
Caused by: org.springframework.web.client.HttpClientErrorException$NotFound: 404 Not Found: "{"status":404,"code":"ApplicationNotFoundException","message":"No application identified by 'null' was found or given version is not available for given application"}"
	at org.springframework.web.client.HttpClientErrorException.create(HttpClientErrorException.java:113)
	at org.springframework.web.client.DefaultResponseErrorHandler.handleError(DefaultResponseErrorHandler.java:168)
	at org.springframework.web.client.DefaultResponseErrorHandler.handleError(DefaultResponseErrorHandler.java:122)
	at blackboard.plugin.updates.connection.CloudClientResponseErrorHandler.handleError(CloudClientResponseErrorHandler.java:86)
	at org.springframework.web.client.ResponseErrorHandler.handleError(ResponseErrorHandler.java:63)
	at org.springframework.web.client.RestTemplate.handleResponse(RestTemplate.java:825)
	at org.springframework.web.client.RestTemplate.doExecute(RestTemplate.java:783)
	at org.springframework.web.client.RestTemplate.execute(RestTemplate.java:717)
	at org.springframework.web.client.RestTemplate.exchange(RestTemplate.java:608)
	at blackboard.plugin.updates.connection.CloudRestClientImpl.lambda$exchange$0(CloudRestClientImpl.java:271)
	... 8 common frames omitted
ERROR[2025-09-16 08:57:00][85:c.b.c.gradejourney.job.GradesExtractJob        ] : Error Loading the settings
java.lang.NullPointerException: null
	at com.blackboard.consulting.gradejourney.service.impl.GradesJourneySettingsServiceImpl.loadGjSettings(GradesJourneySettingsServiceImpl.java:134)
	at jdk.internal.reflect.GeneratedMethodAccessor734.invoke(Unknown Source)
	at java.base/jdk.internal.reflect.DelegatingMethodAccessorImpl.invoke(DelegatingMethodAccessorImpl.java:43)
	at java.base/java.lang.reflect.Method.invoke(Method.java:566)
	at org.springframework.aop.support.AopUtils.invokeJoinpointUsingReflection(AopUtils.java:344)
	at org.springframework.aop.framework.JdkDynamicAopProxy.invoke(JdkDynamicAopProxy.java:208)
	at com.sun.proxy.$Proxy2474.loadGjSettings(Unknown Source)
	at com.blackboard.consulting.gradejourney.job.GradesExtractJob.execute(GradesExtractJob.java:55)
	at org.quartz.core.JobRunShell.run(JobRunShell.java:202)
	at org.quartz.simpl.SimpleThreadPool$WorkerThread.run(SimpleThreadPool.java:573)
INFO [2025-09-16 08:59:00][46:c.b.c.gradejourney.job.GradesExtractJob        ] : == Entering execute() of Job CronGJExtract.CronGJExtractJob ==
ERROR[2025-09-16 08:59:00][485:c.b.c.core.web.rest.LtiRedirector             ] : Exception occurred in checkVersion: 
java.lang.NullPointerException: null
INFO [2025-09-16 08:59:00][844:c.b.c.ccsc.service.impl.ProfileClient         ] : Param : RedirectParam [isV2=false, signJwt=null, url=null, extId=null]
ERROR[2025-09-16 08:59:00][1529:c.b.c.ccsc.service.impl.ProfileClient        ] : cloud exception
blackboard.plugin.cloud.ext.connection.CloudClientException: An error occurred during a GET request to /v1/ccsc/api/applications/null.
	at blackboard.plugin.updates.connection.CloudRestClientImpl.lambda$exchange$0(CloudRestClientImpl.java:290)
	at java.base/java.security.AccessController.doPrivileged(Native Method)
	at blackboard.plugin.updates.connection.CloudRestClientImpl.exchange(CloudRestClientImpl.java:262)
	at blackboard.plugin.updates.connection.CloudRestClientImpl.exchange(CloudRestClientImpl.java:253)
	at com.blackboard.consulting.ccsc.service.impl.ProfileClient.doRestOp(ProfileClient.java:1524)
	at com.blackboard.consulting.ccsc.service.impl.ProfileClient.getApplicationV1V2(ProfileClient.java:849)
	at com.blackboard.consulting.gradejourney.job.GradesExtractJob.execute(GradesExtractJob.java:53)
	at org.quartz.core.JobRunShell.run(JobRunShell.java:202)
	at org.quartz.simpl.SimpleThreadPool$WorkerThread.run(SimpleThreadPool.java:573)
Caused by: org.springframework.web.client.HttpClientErrorException$NotFound: 404 Not Found: "{"status":404,"code":"ApplicationNotFoundException","message":"No application identified by 'null' was found or given version is not available for given application"}"
	at org.springframework.web.client.HttpClientErrorException.create(HttpClientErrorException.java:113)
	at org.springframework.web.client.DefaultResponseErrorHandler.handleError(DefaultResponseErrorHandler.java:168)
	at org.springframework.web.client.DefaultResponseErrorHandler.handleError(DefaultResponseErrorHandler.java:122)
	at blackboard.plugin.updates.connection.CloudClientResponseErrorHandler.handleError(CloudClientResponseErrorHandler.java:86)
	at org.springframework.web.client.ResponseErrorHandler.handleError(ResponseErrorHandler.java:63)
	at org.springframework.web.client.RestTemplate.handleResponse(RestTemplate.java:825)
	at org.springframework.web.client.RestTemplate.doExecute(RestTemplate.java:783)
	at org.springframework.web.client.RestTemplate.execute(RestTemplate.java:717)
	at org.springframework.web.client.RestTemplate.exchange(RestTemplate.java:608)
	at blackboard.plugin.updates.connection.CloudRestClientImpl.lambda$exchange$0(CloudRestClientImpl.java:271)
	... 8 common frames omitted
ERROR[2025-09-16 08:59:00][485:c.b.c.core.web.rest.LtiRedirector             ] : Exception occurred in checkVersion: 
java.lang.NullPointerException: null
ERROR[2025-09-16 08:59:00][1529:c.b.c.ccsc.service.impl.ProfileClient        ] : cloud exception
blackboard.plugin.cloud.ext.connection.CloudClientException: An error occurred during a GET request to /v1/ccsc/api/applications/null/associations/ce9bb794-b5f4-482a-9699-e3c5a730ed38.
	at blackboard.plugin.updates.connection.CloudRestClientImpl.lambda$exchange$0(CloudRestClientImpl.java:290)
	at java.base/java.security.AccessController.doPrivileged(Native Method)
	at blackboard.plugin.updates.connection.CloudRestClientImpl.exchange(CloudRestClientImpl.java:262)
	at blackboard.plugin.updates.connection.CloudRestClientImpl.exchange(CloudRestClientImpl.java:253)
	at com.blackboard.consulting.ccsc.service.impl.ProfileClient.doRestOp(ProfileClient.java:1524)
	at com.blackboard.consulting.ccsc.service.impl.ProfileClient.getAssociationV1V2(ProfileClient.java:763)
	at com.blackboard.consulting.gradejourney.job.GradesExtractJob.execute(GradesExtractJob.java:54)
	at org.quartz.core.JobRunShell.run(JobRunShell.java:202)
	at org.quartz.simpl.SimpleThreadPool$WorkerThread.run(SimpleThreadPool.java:573)
Caused by: org.springframework.web.client.HttpClientErrorException$NotFound: 404 Not Found: "{"status":404,"code":"ApplicationNotFoundException","message":"No application identified by 'null' was found or given version is not available for given application"}"
	at org.springframework.web.client.HttpClientErrorException.create(HttpClientErrorException.java:113)
	at org.springframework.web.client.DefaultResponseErrorHandler.handleError(DefaultResponseErrorHandler.java:168)
	at org.springframework.web.client.DefaultResponseErrorHandler.handleError(DefaultResponseErrorHandler.java:122)
	at blackboard.plugin.updates.connection.CloudClientResponseErrorHandler.handleError(CloudClientResponseErrorHandler.java:86)
	at org.springframework.web.client.ResponseErrorHandler.handleError(ResponseErrorHandler.java:63)
	at org.springframework.web.client.RestTemplate.handleResponse(RestTemplate.java:825)
	at org.springframework.web.client.RestTemplate.doExecute(RestTemplate.java:783)
	at org.springframework.web.client.RestTemplate.execute(RestTemplate.java:717)
	at org.springframework.web.client.RestTemplate.exchange(RestTemplate.java:608)
	at blackboard.plugin.updates.connection.CloudRestClientImpl.lambda$exchange$0(CloudRestClientImpl.java:271)
	... 8 common frames omitted
ERROR[2025-09-16 08:59:00][85:c.b.c.gradejourney.job.GradesExtractJob        ] : Error Loading the settings
java.lang.NullPointerException: null
	at com.blackboard.consulting.gradejourney.service.impl.GradesJourneySettingsServiceImpl.loadGjSettings(GradesJourneySettingsServiceImpl.java:134)
	at jdk.internal.reflect.GeneratedMethodAccessor734.invoke(Unknown Source)
	at java.base/jdk.internal.reflect.DelegatingMethodAccessorImpl.invoke(DelegatingMethodAccessorImpl.java:43)
	at java.base/java.lang.reflect.Method.invoke(Method.java:566)
	at org.springframework.aop.support.AopUtils.invokeJoinpointUsingReflection(AopUtils.java:344)
	at org.springframework.aop.framework.JdkDynamicAopProxy.invoke(JdkDynamicAopProxy.java:208)
	at com.sun.proxy.$Proxy2474.loadGjSettings(Unknown Source)
	at com.blackboard.consulting.gradejourney.job.GradesExtractJob.execute(GradesExtractJob.java:55)
	at org.quartz.core.JobRunShell.run(JobRunShell.java:202)
	at org.quartz.simpl.SimpleThreadPool$WorkerThread.run(SimpleThreadPool.java:573)
INFO [2025-09-16 09:00:00][110:c.b.c.common.util.ContentSystemUtil           ] : Saving [x-bbgs-consulting-central-grade-export.2025-09-16-ip-10-146-230-85.ec2.internal.log] to Content System--> Filepath: /institution/logs/platformExtensions/gradeExport  Filename: x-bbgs-consulting-central-grade-export.2025-09-16-ip-10-146-230-85.ec2.internal.log File: /usr/local/blackboard/logs/custom/x-bbgs-consulting-central-grade-export.2025-09-16.log
INFO [2025-09-16 09:00:00][114:c.b.c.common.util.ContentSystemUtil           ] : Checking if filepath exists in entryExists /institution/logs/platformExtensions/gradeExport
INFO [2025-09-16 09:00:00][131:c.b.c.common.util.ContentSystemUtil           ] : file Path : /institution/logs/platformExtensions/gradeExport, file Name : x-bbgs-consulting-central-grade-export.2025-09-16-ip-10-146-230-85.ec2.internal.log, file In : java.io.BufferedInputStream@4adfc65a
INFO [2025-09-16 09:00:00][133:c.b.c.g.j.GradeExportLogTransferScheduler     ] : File copied to Content folder: x-bbgs-consulting-central-grade-export.2025-09-16-ip-10-146-230-85.ec2.internal.log
INFO [2025-09-16 09:01:00][46:c.b.c.gradejourney.job.GradesExtractJob        ] : == Entering execute() of Job CronGJExtract.CronGJExtractJob ==
ERROR[2025-09-16 09:01:00][485:c.b.c.core.web.rest.LtiRedirector             ] : Exception occurred in checkVersion: 
java.lang.NullPointerException: null
INFO [2025-09-16 09:01:00][844:c.b.c.ccsc.service.impl.ProfileClient         ] : Param : RedirectParam [isV2=false, signJwt=null, url=null, extId=null]
ERROR[2025-09-16 09:01:00][1529:c.b.c.ccsc.service.impl.ProfileClient        ] : cloud exception
blackboard.plugin.cloud.ext.connection.CloudClientException: An error occurred during a GET request to /v1/ccsc/api/applications/null.
	at blackboard.plugin.updates.connection.CloudRestClientImpl.lambda$exchange$0(CloudRestClientImpl.java:290)
	at java.base/java.security.AccessController.doPrivileged(Native Method)
	at blackboard.plugin.updates.connection.CloudRestClientImpl.exchange(CloudRestClientImpl.java:262)
	at blackboard.plugin.updates.connection.CloudRestClientImpl.exchange(CloudRestClientImpl.java:253)
	at com.blackboard.consulting.ccsc.service.impl.ProfileClient.doRestOp(ProfileClient.java:1524)
	at com.blackboard.consulting.ccsc.service.impl.ProfileClient.getApplicationV1V2(ProfileClient.java:849)
	at com.blackboard.consulting.gradejourney.job.GradesExtractJob.execute(GradesExtractJob.java:53)
	at org.quartz.core.JobRunShell.run(JobRunShell.java:202)
	at org.quartz.simpl.SimpleThreadPool$WorkerThread.run(SimpleThreadPool.java:573)
Caused by: org.springframework.web.client.HttpClientErrorException$NotFound: 404 Not Found: "{"status":404,"code":"ApplicationNotFoundException","message":"No application identified by 'null' was found or given version is not available for given application"}"
	at org.springframework.web.client.HttpClientErrorException.create(HttpClientErrorException.java:113)
	at org.springframework.web.client.DefaultResponseErrorHandler.handleError(DefaultResponseErrorHandler.java:168)
	at org.springframework.web.client.DefaultResponseErrorHandler.handleError(DefaultResponseErrorHandler.java:122)
	at blackboard.plugin.updates.connection.CloudClientResponseErrorHandler.handleError(CloudClientResponseErrorHandler.java:86)
	at org.springframework.web.client.ResponseErrorHandler.handleError(ResponseErrorHandler.java:63)
	at org.springframework.web.client.RestTemplate.handleResponse(RestTemplate.java:825)
	at org.springframework.web.client.RestTemplate.doExecute(RestTemplate.java:783)
	at org.springframework.web.client.RestTemplate.execute(RestTemplate.java:717)
	at org.springframework.web.client.RestTemplate.exchange(RestTemplate.java:608)
	at blackboard.plugin.updates.connection.CloudRestClientImpl.lambda$exchange$0(CloudRestClientImpl.java:271)
	... 8 common frames omitted
ERROR[2025-09-16 09:01:00][485:c.b.c.core.web.rest.LtiRedirector             ] : Exception occurred in checkVersion: 
java.lang.NullPointerException: null
ERROR[2025-09-16 09:01:00][1529:c.b.c.ccsc.service.impl.ProfileClient        ] : cloud exception
blackboard.plugin.cloud.ext.connection.CloudClientException: An error occurred during a GET request to /v1/ccsc/api/applications/null/associations/ce9bb794-b5f4-482a-9699-e3c5a730ed38.
	at blackboard.plugin.updates.connection.CloudRestClientImpl.lambda$exchange$0(CloudRestClientImpl.java:290)
	at java.base/java.security.AccessController.doPrivileged(Native Method)
	at blackboard.plugin.updates.connection.CloudRestClientImpl.exchange(CloudRestClientImpl.java:262)
	at blackboard.plugin.updates.connection.CloudRestClientImpl.exchange(CloudRestClientImpl.java:253)
	at com.blackboard.consulting.ccsc.service.impl.ProfileClient.doRestOp(ProfileClient.java:1524)
	at com.blackboard.consulting.ccsc.service.impl.ProfileClient.getAssociationV1V2(ProfileClient.java:763)
	at com.blackboard.consulting.gradejourney.job.GradesExtractJob.execute(GradesExtractJob.java:54)
	at org.quartz.core.JobRunShell.run(JobRunShell.java:202)
	at org.quartz.simpl.SimpleThreadPool$WorkerThread.run(SimpleThreadPool.java:573)
Caused by: org.springframework.web.client.HttpClientErrorException$NotFound: 404 Not Found: "{"status":404,"code":"ApplicationNotFoundException","message":"No application identified by 'null' was found or given version is not available for given application"}"
	at org.springframework.web.client.HttpClientErrorException.create(HttpClientErrorException.java:113)
	at org.springframework.web.client.DefaultResponseErrorHandler.handleError(DefaultResponseErrorHandler.java:168)
	at org.springframework.web.client.DefaultResponseErrorHandler.handleError(DefaultResponseErrorHandler.java:122)
	at blackboard.plugin.updates.connection.CloudClientResponseErrorHandler.handleError(CloudClientResponseErrorHandler.java:86)
	at org.springframework.web.client.ResponseErrorHandler.handleError(ResponseErrorHandler.java:63)
	at org.springframework.web.client.RestTemplate.handleResponse(RestTemplate.java:825)
	at org.springframework.web.client.RestTemplate.doExecute(RestTemplate.java:783)
	at org.springframework.web.client.RestTemplate.execute(RestTemplate.java:717)
	at org.springframework.web.client.RestTemplate.exchange(RestTemplate.java:608)
	at blackboard.plugin.updates.connection.CloudRestClientImpl.lambda$exchange$0(CloudRestClientImpl.java:271)
	... 8 common frames omitted
ERROR[2025-09-16 09:01:00][85:c.b.c.gradejourney.job.GradesExtractJob        ] : Error Loading the settings
java.lang.NullPointerException: null
	at com.blackboard.consulting.gradejourney.service.impl.GradesJourneySettingsServiceImpl.loadGjSettings(GradesJourneySettingsServiceImpl.java:134)
	at jdk.internal.reflect.GeneratedMethodAccessor734.invoke(Unknown Source)
	at java.base/jdk.internal.reflect.DelegatingMethodAccessorImpl.invoke(DelegatingMethodAccessorImpl.java:43)
	at java.base/java.lang.reflect.Method.invoke(Method.java:566)
	at org.springframework.aop.support.AopUtils.invokeJoinpointUsingReflection(AopUtils.java:344)
	at org.springframework.aop.framework.JdkDynamicAopProxy.invoke(JdkDynamicAopProxy.java:208)
	at com.sun.proxy.$Proxy2474.loadGjSettings(Unknown Source)
	at com.blackboard.consulting.gradejourney.job.GradesExtractJob.execute(GradesExtractJob.java:55)
	at org.quartz.core.JobRunShell.run(JobRunShell.java:202)
	at org.quartz.simpl.SimpleThreadPool$WorkerThread.run(SimpleThreadPool.java:573)
INFO [2025-09-16 09:03:00][46:c.b.c.gradejourney.job.GradesExtractJob        ] : == Entering execute() of Job CronGJExtract.CronGJExtractJob ==
ERROR[2025-09-16 09:03:00][485:c.b.c.core.web.rest.LtiRedirector             ] : Exception occurred in checkVersion: 
java.lang.NullPointerException: null
INFO [2025-09-16 09:03:00][844:c.b.c.ccsc.service.impl.ProfileClient         ] : Param : RedirectParam [isV2=false, signJwt=null, url=null, extId=null]
ERROR[2025-09-16 09:03:00][1529:c.b.c.ccsc.service.impl.ProfileClient        ] : cloud exception
blackboard.plugin.cloud.ext.connection.CloudClientException: An error occurred during a GET request to /v1/ccsc/api/applications/null.
	at blackboard.plugin.updates.connection.CloudRestClientImpl.lambda$exchange$0(CloudRestClientImpl.java:290)
	at java.base/java.security.AccessController.doPrivileged(Native Method)
	at blackboard.plugin.updates.connection.CloudRestClientImpl.exchange(CloudRestClientImpl.java:262)
	at blackboard.plugin.updates.connection.CloudRestClientImpl.exchange(CloudRestClientImpl.java:253)
	at com.blackboard.consulting.ccsc.service.impl.ProfileClient.doRestOp(ProfileClient.java:1524)
	at com.blackboard.consulting.ccsc.service.impl.ProfileClient.getApplicationV1V2(ProfileClient.java:849)
	at com.blackboard.consulting.gradejourney.job.GradesExtractJob.execute(GradesExtractJob.java:53)
	at org.quartz.core.JobRunShell.run(JobRunShell.java:202)
	at org.quartz.simpl.SimpleThreadPool$WorkerThread.run(SimpleThreadPool.java:573)
Caused by: org.springframework.web.client.HttpClientErrorException$NotFound: 404 Not Found: "{"status":404,"code":"ApplicationNotFoundException","message":"No application identified by 'null' was found or given version is not available for given application"}"
	at org.springframework.web.client.HttpClientErrorException.create(HttpClientErrorException.java:113)
	at org.springframework.web.client.DefaultResponseErrorHandler.handleError(DefaultResponseErrorHandler.java:168)
	at org.springframework.web.client.DefaultResponseErrorHandler.handleError(DefaultResponseErrorHandler.java:122)
	at blackboard.plugin.updates.connection.CloudClientResponseErrorHandler.handleError(CloudClientResponseErrorHandler.java:86)
	at org.springframework.web.client.ResponseErrorHandler.handleError(ResponseErrorHandler.java:63)
	at org.springframework.web.client.RestTemplate.handleResponse(RestTemplate.java:825)
	at org.springframework.web.client.RestTemplate.doExecute(RestTemplate.java:783)
	at org.springframework.web.client.RestTemplate.execute(RestTemplate.java:717)
	at org.springframework.web.client.RestTemplate.exchange(RestTemplate.java:608)
	at blackboard.plugin.updates.connection.CloudRestClientImpl.lambda$exchange$0(CloudRestClientImpl.java:271)
	... 8 common frames omitted
ERROR[2025-09-16 09:03:00][485:c.b.c.core.web.rest.LtiRedirector             ] : Exception occurred in checkVersion: 
java.lang.NullPointerException: null
ERROR[2025-09-16 09:03:00][1529:c.b.c.ccsc.service.impl.ProfileClient        ] : cloud exception
blackboard.plugin.cloud.ext.connection.CloudClientException: An error occurred during a GET request to /v1/ccsc/api/applications/null/associations/ce9bb794-b5f4-482a-9699-e3c5a730ed38.
	at blackboard.plugin.updates.connection.CloudRestClientImpl.lambda$exchange$0(CloudRestClientImpl.java:290)
	at java.base/java.security.AccessController.doPrivileged(Native Method)
	at blackboard.plugin.updates.connection.CloudRestClientImpl.exchange(CloudRestClientImpl.java:262)
	at blackboard.plugin.updates.connection.CloudRestClientImpl.exchange(CloudRestClientImpl.java:253)
	at com.blackboard.consulting.ccsc.service.impl.ProfileClient.doRestOp(ProfileClient.java:1524)
	at com.blackboard.consulting.ccsc.service.impl.ProfileClient.getAssociationV1V2(ProfileClient.java:763)
	at com.blackboard.consulting.gradejourney.job.GradesExtractJob.execute(GradesExtractJob.java:54)
	at org.quartz.core.JobRunShell.run(JobRunShell.java:202)
	at org.quartz.simpl.SimpleThreadPool$WorkerThread.run(SimpleThreadPool.java:573)
Caused by: org.springframework.web.client.HttpClientErrorException$NotFound: 404 Not Found: "{"status":404,"code":"ApplicationNotFoundException","message":"No application identified by 'null' was found or given version is not available for given application"}"
	at org.springframework.web.client.HttpClientErrorException.create(HttpClientErrorException.java:113)
	at org.springframework.web.client.DefaultResponseErrorHandler.handleError(DefaultResponseErrorHandler.java:168)
	at org.springframework.web.client.DefaultResponseErrorHandler.handleError(DefaultResponseErrorHandler.java:122)
	at blackboard.plugin.updates.connection.CloudClientResponseErrorHandler.handleError(CloudClientResponseErrorHandler.java:86)
	at org.springframework.web.client.ResponseErrorHandler.handleError(ResponseErrorHandler.java:63)
	at org.springframework.web.client.RestTemplate.handleResponse(RestTemplate.java:825)
	at org.springframework.web.client.RestTemplate.doExecute(RestTemplate.java:783)
	at org.springframework.web.client.RestTemplate.execute(RestTemplate.java:717)
	at org.springframework.web.client.RestTemplate.exchange(RestTemplate.java:608)
	at blackboard.plugin.updates.connection.CloudRestClientImpl.lambda$exchange$0(CloudRestClientImpl.java:271)
	... 8 common frames omitted
ERROR[2025-09-16 09:03:00][85:c.b.c.gradejourney.job.GradesExtractJob        ] : Error Loading the settings
java.lang.NullPointerException: null
	at com.blackboard.consulting.gradejourney.service.impl.GradesJourneySettingsServiceImpl.loadGjSettings(GradesJourneySettingsServiceImpl.java:134)
	at jdk.internal.reflect.GeneratedMethodAccessor734.invoke(Unknown Source)
	at java.base/jdk.internal.reflect.DelegatingMethodAccessorImpl.invoke(DelegatingMethodAccessorImpl.java:43)
	at java.base/java.lang.reflect.Method.invoke(Method.java:566)
	at org.springframework.aop.support.AopUtils.invokeJoinpointUsingReflection(AopUtils.java:344)
	at org.springframework.aop.framework.JdkDynamicAopProxy.invoke(JdkDynamicAopProxy.java:208)
	at com.sun.proxy.$Proxy2474.loadGjSettings(Unknown Source)
	at com.blackboard.consulting.gradejourney.job.GradesExtractJob.execute(GradesExtractJob.java:55)
	at org.quartz.core.JobRunShell.run(JobRunShell.java:202)
	at org.quartz.simpl.SimpleThreadPool$WorkerThread.run(SimpleThreadPool.java:573)
INFO [2025-09-16 09:05:00][46:c.b.c.gradejourney.job.GradesExtractJob        ] : == Entering execute() of Job CronGJExtract.CronGJExtractJob ==
ERROR[2025-09-16 09:05:00][485:c.b.c.core.web.rest.LtiRedirector             ] : Exception occurred in checkVersion: 
java.lang.NullPointerException: null
INFO [2025-09-16 09:05:00][844:c.b.c.ccsc.service.impl.ProfileClient         ] : Param : RedirectParam [isV2=false, signJwt=null, url=null, extId=null]
ERROR[2025-09-16 09:05:00][1529:c.b.c.ccsc.service.impl.ProfileClient        ] : cloud exception
blackboard.plugin.cloud.ext.connection.CloudClientException: An error occurred during a GET request to /v1/ccsc/api/applications/null.
	at blackboard.plugin.updates.connection.CloudRestClientImpl.lambda$exchange$0(CloudRestClientImpl.java:290)
	at java.base/java.security.AccessController.doPrivileged(Native Method)
	at blackboard.plugin.updates.connection.CloudRestClientImpl.exchange(CloudRestClientImpl.java:262)
	at blackboard.plugin.updates.connection.CloudRestClientImpl.exchange(CloudRestClientImpl.java:253)
	at com.blackboard.consulting.ccsc.service.impl.ProfileClient.doRestOp(ProfileClient.java:1524)
	at com.blackboard.consulting.ccsc.service.impl.ProfileClient.getApplicationV1V2(ProfileClient.java:849)
	at com.blackboard.consulting.gradejourney.job.GradesExtractJob.execute(GradesExtractJob.java:53)
	at org.quartz.core.JobRunShell.run(JobRunShell.java:202)
	at org.quartz.simpl.SimpleThreadPool$WorkerThread.run(SimpleThreadPool.java:573)
Caused by: org.springframework.web.client.HttpClientErrorException$NotFound: 404 Not Found: "{"status":404,"code":"ApplicationNotFoundException","message":"No application identified by 'null' was found or given version is not available for given application"}"
	at org.springframework.web.client.HttpClientErrorException.create(HttpClientErrorException.java:113)
	at org.springframework.web.client.DefaultResponseErrorHandler.handleError(DefaultResponseErrorHandler.java:168)
	at org.springframework.web.client.DefaultResponseErrorHandler.handleError(DefaultResponseErrorHandler.java:122)
	at blackboard.plugin.updates.connection.CloudClientResponseErrorHandler.handleError(CloudClientResponseErrorHandler.java:86)
	at org.springframework.web.client.ResponseErrorHandler.handleError(ResponseErrorHandler.java:63)
	at org.springframework.web.client.RestTemplate.handleResponse(RestTemplate.java:825)
	at org.springframework.web.client.RestTemplate.doExecute(RestTemplate.java:783)
	at org.springframework.web.client.RestTemplate.execute(RestTemplate.java:717)
	at org.springframework.web.client.RestTemplate.exchange(RestTemplate.java:608)
	at blackboard.plugin.updates.connection.CloudRestClientImpl.lambda$exchange$0(CloudRestClientImpl.java:271)
	... 8 common frames omitted
ERROR[2025-09-16 09:05:00][485:c.b.c.core.web.rest.LtiRedirector             ] : Exception occurred in checkVersion: 
java.lang.NullPointerException: null
ERROR[2025-09-16 09:05:00][1529:c.b.c.ccsc.service.impl.ProfileClient        ] : cloud exception
blackboard.plugin.cloud.ext.connection.CloudClientException: An error occurred during a GET request to /v1/ccsc/api/applications/null/associations/ce9bb794-b5f4-482a-9699-e3c5a730ed38.
	at blackboard.plugin.updates.connection.CloudRestClientImpl.lambda$exchange$0(CloudRestClientImpl.java:290)
	at java.base/java.security.AccessController.doPrivileged(Native Method)
	at blackboard.plugin.updates.connection.CloudRestClientImpl.exchange(CloudRestClientImpl.java:262)
	at blackboard.plugin.updates.connection.CloudRestClientImpl.exchange(CloudRestClientImpl.java:253)
	at com.blackboard.consulting.ccsc.service.impl.ProfileClient.doRestOp(ProfileClient.java:1524)
	at com.blackboard.consulting.ccsc.service.impl.ProfileClient.getAssociationV1V2(ProfileClient.java:763)
	at com.blackboard.consulting.gradejourney.job.GradesExtractJob.execute(GradesExtractJob.java:54)
	at org.quartz.core.JobRunShell.run(JobRunShell.java:202)
	at org.quartz.simpl.SimpleThreadPool$WorkerThread.run(SimpleThreadPool.java:573)
Caused by: org.springframework.web.client.HttpClientErrorException$NotFound: 404 Not Found: "{"status":404,"code":"ApplicationNotFoundException","message":"No application identified by 'null' was found or given version is not available for given application"}"
	at org.springframework.web.client.HttpClientErrorException.create(HttpClientErrorException.java:113)
	at org.springframework.web.client.DefaultResponseErrorHandler.handleError(DefaultResponseErrorHandler.java:168)
	at org.springframework.web.client.DefaultResponseErrorHandler.handleError(DefaultResponseErrorHandler.java:122)
	at blackboard.plugin.updates.connection.CloudClientResponseErrorHandler.handleError(CloudClientResponseErrorHandler.java:86)
	at org.springframework.web.client.ResponseErrorHandler.handleError(ResponseErrorHandler.java:63)
	at org.springframework.web.client.RestTemplate.handleResponse(RestTemplate.java:825)
	at org.springframework.web.client.RestTemplate.doExecute(RestTemplate.java:783)
	at org.springframework.web.client.RestTemplate.execute(RestTemplate.java:717)
	at org.springframework.web.client.RestTemplate.exchange(RestTemplate.java:608)
	at blackboard.plugin.updates.connection.CloudRestClientImpl.lambda$exchange$0(CloudRestClientImpl.java:271)
	... 8 common frames omitted
ERROR[2025-09-16 09:05:00][85:c.b.c.gradejourney.job.GradesExtractJob        ] : Error Loading the settings
java.lang.NullPointerException: null
	at com.blackboard.consulting.gradejourney.service.impl.GradesJourneySettingsServiceImpl.loadGjSettings(GradesJourneySettingsServiceImpl.java:134)
	at jdk.internal.reflect.GeneratedMethodAccessor734.invoke(Unknown Source)
	at java.base/jdk.internal.reflect.DelegatingMethodAccessorImpl.invoke(DelegatingMethodAccessorImpl.java:43)
	at java.base/java.lang.reflect.Method.invoke(Method.java:566)
	at org.springframework.aop.support.AopUtils.invokeJoinpointUsingReflection(AopUtils.java:344)
	at org.springframework.aop.framework.JdkDynamicAopProxy.invoke(JdkDynamicAopProxy.java:208)
	at com.sun.proxy.$Proxy2474.loadGjSettings(Unknown Source)
	at com.blackboard.consulting.gradejourney.job.GradesExtractJob.execute(GradesExtractJob.java:55)
	at org.quartz.core.JobRunShell.run(JobRunShell.java:202)
	at org.quartz.simpl.SimpleThreadPool$WorkerThread.run(SimpleThreadPool.java:573)
INFO [2025-09-16 09:07:00][46:c.b.c.gradejourney.job.GradesExtractJob        ] : == Entering execute() of Job CronGJExtract.CronGJExtractJob ==
ERROR[2025-09-16 09:07:00][485:c.b.c.core.web.rest.LtiRedirector             ] : Exception occurred in checkVersion: 
java.lang.NullPointerException: null
INFO [2025-09-16 09:07:00][844:c.b.c.ccsc.service.impl.ProfileClient         ] : Param : RedirectParam [isV2=false, signJwt=null, url=null, extId=null]
ERROR[2025-09-16 09:07:00][1529:c.b.c.ccsc.service.impl.ProfileClient        ] : cloud exception
blackboard.plugin.cloud.ext.connection.CloudClientException: An error occurred during a GET request to /v1/ccsc/api/applications/null.
	at blackboard.plugin.updates.connection.CloudRestClientImpl.lambda$exchange$0(CloudRestClientImpl.java:290)
	at java.base/java.security.AccessController.doPrivileged(Native Method)
	at blackboard.plugin.updates.connection.CloudRestClientImpl.exchange(CloudRestClientImpl.java:262)
	at blackboard.plugin.updates.connection.CloudRestClientImpl.exchange(CloudRestClientImpl.java:253)
	at com.blackboard.consulting.ccsc.service.impl.ProfileClient.doRestOp(ProfileClient.java:1524)
	at com.blackboard.consulting.ccsc.service.impl.ProfileClient.getApplicationV1V2(ProfileClient.java:849)
	at com.blackboard.consulting.gradejourney.job.GradesExtractJob.execute(GradesExtractJob.java:53)
	at org.quartz.core.JobRunShell.run(JobRunShell.java:202)
	at org.quartz.simpl.SimpleThreadPool$WorkerThread.run(SimpleThreadPool.java:573)
Caused by: org.springframework.web.client.HttpClientErrorException$NotFound: 404 Not Found: "{"status":404,"code":"ApplicationNotFoundException","message":"No application identified by 'null' was found or given version is not available for given application"}"
	at org.springframework.web.client.HttpClientErrorException.create(HttpClientErrorException.java:113)
	at org.springframework.web.client.DefaultResponseErrorHandler.handleError(DefaultResponseErrorHandler.java:168)
	at org.springframework.web.client.DefaultResponseErrorHandler.handleError(DefaultResponseErrorHandler.java:122)
	at blackboard.plugin.updates.connection.CloudClientResponseErrorHandler.handleError(CloudClientResponseErrorHandler.java:86)
	at org.springframework.web.client.ResponseErrorHandler.handleError(ResponseErrorHandler.java:63)
	at org.springframework.web.client.RestTemplate.handleResponse(RestTemplate.java:825)
	at org.springframework.web.client.RestTemplate.doExecute(RestTemplate.java:783)
	at org.springframework.web.client.RestTemplate.execute(RestTemplate.java:717)
	at org.springframework.web.client.RestTemplate.exchange(RestTemplate.java:608)
	at blackboard.plugin.updates.connection.CloudRestClientImpl.lambda$exchange$0(CloudRestClientImpl.java:271)
	... 8 common frames omitted
ERROR[2025-09-16 09:07:00][485:c.b.c.core.web.rest.LtiRedirector             ] : Exception occurred in checkVersion: 
java.lang.NullPointerException: null
ERROR[2025-09-16 09:07:00][1529:c.b.c.ccsc.service.impl.ProfileClient        ] : cloud exception
blackboard.plugin.cloud.ext.connection.CloudClientException: An error occurred during a GET request to /v1/ccsc/api/applications/null/associations/ce9bb794-b5f4-482a-9699-e3c5a730ed38.
	at blackboard.plugin.updates.connection.CloudRestClientImpl.lambda$exchange$0(CloudRestClientImpl.java:290)
	at java.base/java.security.AccessController.doPrivileged(Native Method)
	at blackboard.plugin.updates.connection.CloudRestClientImpl.exchange(CloudRestClientImpl.java:262)
	at blackboard.plugin.updates.connection.CloudRestClientImpl.exchange(CloudRestClientImpl.java:253)
	at com.blackboard.consulting.ccsc.service.impl.ProfileClient.doRestOp(ProfileClient.java:1524)
	at com.blackboard.consulting.ccsc.service.impl.ProfileClient.getAssociationV1V2(ProfileClient.java:763)
	at com.blackboard.consulting.gradejourney.job.GradesExtractJob.execute(GradesExtractJob.java:54)
	at org.quartz.core.JobRunShell.run(JobRunShell.java:202)
	at org.quartz.simpl.SimpleThreadPool$WorkerThread.run(SimpleThreadPool.java:573)
Caused by: org.springframework.web.client.HttpClientErrorException$NotFound: 404 Not Found: "{"status":404,"code":"ApplicationNotFoundException","message":"No application identified by 'null' was found or given version is not available for given application"}"
	at org.springframework.web.client.HttpClientErrorException.create(HttpClientErrorException.java:113)
	at org.springframework.web.client.DefaultResponseErrorHandler.handleError(DefaultResponseErrorHandler.java:168)
	at org.springframework.web.client.DefaultResponseErrorHandler.handleError(DefaultResponseErrorHandler.java:122)
	at blackboard.plugin.updates.connection.CloudClientResponseErrorHandler.handleError(CloudClientResponseErrorHandler.java:86)
	at org.springframework.web.client.ResponseErrorHandler.handleError(ResponseErrorHandler.java:63)
	at org.springframework.web.client.RestTemplate.handleResponse(RestTemplate.java:825)
	at org.springframework.web.client.RestTemplate.doExecute(RestTemplate.java:783)
	at org.springframework.web.client.RestTemplate.execute(RestTemplate.java:717)
	at org.springframework.web.client.RestTemplate.exchange(RestTemplate.java:608)
	at blackboard.plugin.updates.connection.CloudRestClientImpl.lambda$exchange$0(CloudRestClientImpl.java:271)
	... 8 common frames omitted
ERROR[2025-09-16 09:07:00][85:c.b.c.gradejourney.job.GradesExtractJob        ] : Error Loading the settings
java.lang.NullPointerException: null
	at com.blackboard.consulting.gradejourney.service.impl.GradesJourneySettingsServiceImpl.loadGjSettings(GradesJourneySettingsServiceImpl.java:134)
	at jdk.internal.reflect.GeneratedMethodAccessor734.invoke(Unknown Source)
	at java.base/jdk.internal.reflect.DelegatingMethodAccessorImpl.invoke(DelegatingMethodAccessorImpl.java:43)
	at java.base/java.lang.reflect.Method.invoke(Method.java:566)
	at org.springframework.aop.support.AopUtils.invokeJoinpointUsingReflection(AopUtils.java:344)
	at org.springframework.aop.framework.JdkDynamicAopProxy.invoke(JdkDynamicAopProxy.java:208)
	at com.sun.proxy.$Proxy2474.loadGjSettings(Unknown Source)
	at com.blackboard.consulting.gradejourney.job.GradesExtractJob.execute(GradesExtractJob.java:55)
	at org.quartz.core.JobRunShell.run(JobRunShell.java:202)
	at org.quartz.simpl.SimpleThreadPool$WorkerThread.run(SimpleThreadPool.java:573)
INFO [2025-09-16 09:09:00][46:c.b.c.gradejourney.job.GradesExtractJob        ] : == Entering execute() of Job CronGJExtract.CronGJExtractJob ==
ERROR[2025-09-16 09:09:00][485:c.b.c.core.web.rest.LtiRedirector             ] : Exception occurred in checkVersion: 
java.lang.NullPointerException: null
INFO [2025-09-16 09:09:00][844:c.b.c.ccsc.service.impl.ProfileClient         ] : Param : RedirectParam [isV2=false, signJwt=null, url=null, extId=null]
ERROR[2025-09-16 09:09:00][1529:c.b.c.ccsc.service.impl.ProfileClient        ] : cloud exception
blackboard.plugin.cloud.ext.connection.CloudClientException: An error occurred during a GET request to /v1/ccsc/api/applications/null.
	at blackboard.plugin.updates.connection.CloudRestClientImpl.lambda$exchange$0(CloudRestClientImpl.java:290)
	at java.base/java.security.AccessController.doPrivileged(Native Method)
	at blackboard.plugin.updates.connection.CloudRestClientImpl.exchange(CloudRestClientImpl.java:262)
	at blackboard.plugin.updates.connection.CloudRestClientImpl.exchange(CloudRestClientImpl.java:253)
	at com.blackboard.consulting.ccsc.service.impl.ProfileClient.doRestOp(ProfileClient.java:1524)
	at com.blackboard.consulting.ccsc.service.impl.ProfileClient.getApplicationV1V2(ProfileClient.java:849)
	at com.blackboard.consulting.gradejourney.job.GradesExtractJob.execute(GradesExtractJob.java:53)
	at org.quartz.core.JobRunShell.run(JobRunShell.java:202)
	at org.quartz.simpl.SimpleThreadPool$WorkerThread.run(SimpleThreadPool.java:573)
Caused by: org.springframework.web.client.HttpClientErrorException$NotFound: 404 Not Found: "{"status":404,"code":"ApplicationNotFoundException","message":"No application identified by 'null' was found or given version is not available for given application"}"
	at org.springframework.web.client.HttpClientErrorException.create(HttpClientErrorException.java:113)
	at org.springframework.web.client.DefaultResponseErrorHandler.handleError(DefaultResponseErrorHandler.java:168)
	at org.springframework.web.client.DefaultResponseErrorHandler.handleError(DefaultResponseErrorHandler.java:122)
	at blackboard.plugin.updates.connection.CloudClientResponseErrorHandler.handleError(CloudClientResponseErrorHandler.java:86)
	at org.springframework.web.client.ResponseErrorHandler.handleError(ResponseErrorHandler.java:63)
	at org.springframework.web.client.RestTemplate.handleResponse(RestTemplate.java:825)
	at org.springframework.web.client.RestTemplate.doExecute(RestTemplate.java:783)
	at org.springframework.web.client.RestTemplate.execute(RestTemplate.java:717)
	at org.springframework.web.client.RestTemplate.exchange(RestTemplate.java:608)
	at blackboard.plugin.updates.connection.CloudRestClientImpl.lambda$exchange$0(CloudRestClientImpl.java:271)
	... 8 common frames omitted
ERROR[2025-09-16 09:09:00][485:c.b.c.core.web.rest.LtiRedirector             ] : Exception occurred in checkVersion: 
java.lang.NullPointerException: null
ERROR[2025-09-16 09:09:00][1529:c.b.c.ccsc.service.impl.ProfileClient        ] : cloud exception
blackboard.plugin.cloud.ext.connection.CloudClientException: An error occurred during a GET request to /v1/ccsc/api/applications/null/associations/ce9bb794-b5f4-482a-9699-e3c5a730ed38.
	at blackboard.plugin.updates.connection.CloudRestClientImpl.lambda$exchange$0(CloudRestClientImpl.java:290)
	at java.base/java.security.AccessController.doPrivileged(Native Method)
	at blackboard.plugin.updates.connection.CloudRestClientImpl.exchange(CloudRestClientImpl.java:262)
	at blackboard.plugin.updates.connection.CloudRestClientImpl.exchange(CloudRestClientImpl.java:253)
	at com.blackboard.consulting.ccsc.service.impl.ProfileClient.doRestOp(ProfileClient.java:1524)
	at com.blackboard.consulting.ccsc.service.impl.ProfileClient.getAssociationV1V2(ProfileClient.java:763)
	at com.blackboard.consulting.gradejourney.job.GradesExtractJob.execute(GradesExtractJob.java:54)
	at org.quartz.core.JobRunShell.run(JobRunShell.java:202)
	at org.quartz.simpl.SimpleThreadPool$WorkerThread.run(SimpleThreadPool.java:573)
Caused by: org.springframework.web.client.HttpClientErrorException$NotFound: 404 Not Found: "{"status":404,"code":"ApplicationNotFoundException","message":"No application identified by 'null' was found or given version is not available for given application"}"
	at org.springframework.web.client.HttpClientErrorException.create(HttpClientErrorException.java:113)
	at org.springframework.web.client.DefaultResponseErrorHandler.handleError(DefaultResponseErrorHandler.java:168)
	at org.springframework.web.client.DefaultResponseErrorHandler.handleError(DefaultResponseErrorHandler.java:122)
	at blackboard.plugin.updates.connection.CloudClientResponseErrorHandler.handleError(CloudClientResponseErrorHandler.java:86)
	at org.springframework.web.client.ResponseErrorHandler.handleError(ResponseErrorHandler.java:63)
	at org.springframework.web.client.RestTemplate.handleResponse(RestTemplate.java:825)
	at org.springframework.web.client.RestTemplate.doExecute(RestTemplate.java:783)
	at org.springframework.web.client.RestTemplate.execute(RestTemplate.java:717)
	at org.springframework.web.client.RestTemplate.exchange(RestTemplate.java:608)
	at blackboard.plugin.updates.connection.CloudRestClientImpl.lambda$exchange$0(CloudRestClientImpl.java:271)
	... 8 common frames omitted
ERROR[2025-09-16 09:09:00][85:c.b.c.gradejourney.job.GradesExtractJob        ] : Error Loading the settings
java.lang.NullPointerException: null
	at com.blackboard.consulting.gradejourney.service.impl.GradesJourneySettingsServiceImpl.loadGjSettings(GradesJourneySettingsServiceImpl.java:134)
	at jdk.internal.reflect.GeneratedMethodAccessor734.invoke(Unknown Source)
	at java.base/jdk.internal.reflect.DelegatingMethodAccessorImpl.invoke(DelegatingMethodAccessorImpl.java:43)
	at java.base/java.lang.reflect.Method.invoke(Method.java:566)
	at org.springframework.aop.support.AopUtils.invokeJoinpointUsingReflection(AopUtils.java:344)
	at org.springframework.aop.framework.JdkDynamicAopProxy.invoke(JdkDynamicAopProxy.java:208)
	at com.sun.proxy.$Proxy2474.loadGjSettings(Unknown Source)
	at com.blackboard.consulting.gradejourney.job.GradesExtractJob.execute(GradesExtractJob.java:55)
	at org.quartz.core.JobRunShell.run(JobRunShell.java:202)
	at org.quartz.simpl.SimpleThreadPool$WorkerThread.run(SimpleThreadPool.java:573)
INFO [2025-09-16 09:11:00][46:c.b.c.gradejourney.job.GradesExtractJob        ] : == Entering execute() of Job CronGJExtract.CronGJExtractJob ==
ERROR[2025-09-16 09:11:00][485:c.b.c.core.web.rest.LtiRedirector             ] : Exception occurred in checkVersion: 
java.lang.NullPointerException: null
INFO [2025-09-16 09:11:00][844:c.b.c.ccsc.service.impl.ProfileClient         ] : Param : RedirectParam [isV2=false, signJwt=null, url=null, extId=null]
ERROR[2025-09-16 09:11:00][1529:c.b.c.ccsc.service.impl.ProfileClient        ] : cloud exception
blackboard.plugin.cloud.ext.connection.CloudClientException: An error occurred during a GET request to /v1/ccsc/api/applications/null.
	at blackboard.plugin.updates.connection.CloudRestClientImpl.lambda$exchange$0(CloudRestClientImpl.java:290)
	at java.base/java.security.AccessController.doPrivileged(Native Method)
	at blackboard.plugin.updates.connection.CloudRestClientImpl.exchange(CloudRestClientImpl.java:262)
	at blackboard.plugin.updates.connection.CloudRestClientImpl.exchange(CloudRestClientImpl.java:253)
	at com.blackboard.consulting.ccsc.service.impl.ProfileClient.doRestOp(ProfileClient.java:1524)
	at com.blackboard.consulting.ccsc.service.impl.ProfileClient.getApplicationV1V2(ProfileClient.java:849)
	at com.blackboard.consulting.gradejourney.job.GradesExtractJob.execute(GradesExtractJob.java:53)
	at org.quartz.core.JobRunShell.run(JobRunShell.java:202)
	at org.quartz.simpl.SimpleThreadPool$WorkerThread.run(SimpleThreadPool.java:573)
Caused by: org.springframework.web.client.HttpClientErrorException$NotFound: 404 Not Found: "{"status":404,"code":"ApplicationNotFoundException","message":"No application identified by 'null' was found or given version is not available for given application"}"
	at org.springframework.web.client.HttpClientErrorException.create(HttpClientErrorException.java:113)
	at org.springframework.web.client.DefaultResponseErrorHandler.handleError(DefaultResponseErrorHandler.java:168)
	at org.springframework.web.client.DefaultResponseErrorHandler.handleError(DefaultResponseErrorHandler.java:122)
	at blackboard.plugin.updates.connection.CloudClientResponseErrorHandler.handleError(CloudClientResponseErrorHandler.java:86)
	at org.springframework.web.client.ResponseErrorHandler.handleError(ResponseErrorHandler.java:63)
	at org.springframework.web.client.RestTemplate.handleResponse(RestTemplate.java:825)
	at org.springframework.web.client.RestTemplate.doExecute(RestTemplate.java:783)
	at org.springframework.web.client.RestTemplate.execute(RestTemplate.java:717)
	at org.springframework.web.client.RestTemplate.exchange(RestTemplate.java:608)
	at blackboard.plugin.updates.connection.CloudRestClientImpl.lambda$exchange$0(CloudRestClientImpl.java:271)
	... 8 common frames omitted
ERROR[2025-09-16 09:11:00][485:c.b.c.core.web.rest.LtiRedirector             ] : Exception occurred in checkVersion: 
java.lang.NullPointerException: null
ERROR[2025-09-16 09:11:00][1529:c.b.c.ccsc.service.impl.ProfileClient        ] : cloud exception
blackboard.plugin.cloud.ext.connection.CloudClientException: An error occurred during a GET request to /v1/ccsc/api/applications/null/associations/ce9bb794-b5f4-482a-9699-e3c5a730ed38.
	at blackboard.plugin.updates.connection.CloudRestClientImpl.lambda$exchange$0(CloudRestClientImpl.java:290)
	at java.base/java.security.AccessController.doPrivileged(Native Method)
	at blackboard.plugin.updates.connection.CloudRestClientImpl.exchange(CloudRestClientImpl.java:262)
	at blackboard.plugin.updates.connection.CloudRestClientImpl.exchange(CloudRestClientImpl.java:253)
	at com.blackboard.consulting.ccsc.service.impl.ProfileClient.doRestOp(ProfileClient.java:1524)
	at com.blackboard.consulting.ccsc.service.impl.ProfileClient.getAssociationV1V2(ProfileClient.java:763)
	at com.blackboard.consulting.gradejourney.job.GradesExtractJob.execute(GradesExtractJob.java:54)
	at org.quartz.core.JobRunShell.run(JobRunShell.java:202)
	at org.quartz.simpl.SimpleThreadPool$WorkerThread.run(SimpleThreadPool.java:573)
Caused by: org.springframework.web.client.HttpClientErrorException$NotFound: 404 Not Found: "{"status":404,"code":"ApplicationNotFoundException","message":"No application identified by 'null' was found or given version is not available for given application"}"
	at org.springframework.web.client.HttpClientErrorException.create(HttpClientErrorException.java:113)
	at org.springframework.web.client.DefaultResponseErrorHandler.handleError(DefaultResponseErrorHandler.java:168)
	at org.springframework.web.client.DefaultResponseErrorHandler.handleError(DefaultResponseErrorHandler.java:122)
	at blackboard.plugin.updates.connection.CloudClientResponseErrorHandler.handleError(CloudClientResponseErrorHandler.java:86)
	at org.springframework.web.client.ResponseErrorHandler.handleError(ResponseErrorHandler.java:63)
	at org.springframework.web.client.RestTemplate.handleResponse(RestTemplate.java:825)
	at org.springframework.web.client.RestTemplate.doExecute(RestTemplate.java:783)
	at org.springframework.web.client.RestTemplate.execute(RestTemplate.java:717)
	at org.springframework.web.client.RestTemplate.exchange(RestTemplate.java:608)
	at blackboard.plugin.updates.connection.CloudRestClientImpl.lambda$exchange$0(CloudRestClientImpl.java:271)
	... 8 common frames omitted
ERROR[2025-09-16 09:11:00][85:c.b.c.gradejourney.job.GradesExtractJob        ] : Error Loading the settings
java.lang.NullPointerException: null
	at com.blackboard.consulting.gradejourney.service.impl.GradesJourneySettingsServiceImpl.loadGjSettings(GradesJourneySettingsServiceImpl.java:134)
	at jdk.internal.reflect.GeneratedMethodAccessor734.invoke(Unknown Source)
	at java.base/jdk.internal.reflect.DelegatingMethodAccessorImpl.invoke(DelegatingMethodAccessorImpl.java:43)
	at java.base/java.lang.reflect.Method.invoke(Method.java:566)
	at org.springframework.aop.support.AopUtils.invokeJoinpointUsingReflection(AopUtils.java:344)
	at org.springframework.aop.framework.JdkDynamicAopProxy.invoke(JdkDynamicAopProxy.java:208)
	at com.sun.proxy.$Proxy2474.loadGjSettings(Unknown Source)
	at com.blackboard.consulting.gradejourney.job.GradesExtractJob.execute(GradesExtractJob.java:55)
	at org.quartz.core.JobRunShell.run(JobRunShell.java:202)
	at org.quartz.simpl.SimpleThreadPool$WorkerThread.run(SimpleThreadPool.java:573)
INFO [2025-09-16 09:14:00][46:c.b.c.gradejourney.job.GradesExtractJob        ] : == Entering execute() of Job CronGJExtract.CronGJExtractJob ==
ERROR[2025-09-16 09:14:00][485:c.b.c.core.web.rest.LtiRedirector             ] : Exception occurred in checkVersion: 
java.lang.NullPointerException: null
INFO [2025-09-16 09:14:00][844:c.b.c.ccsc.service.impl.ProfileClient         ] : Param : RedirectParam [isV2=false, signJwt=null, url=null, extId=null]
ERROR[2025-09-16 09:14:00][1529:c.b.c.ccsc.service.impl.ProfileClient        ] : cloud exception
blackboard.plugin.cloud.ext.connection.CloudClientException: An error occurred during a GET request to /v1/ccsc/api/applications/null.
	at blackboard.plugin.updates.connection.CloudRestClientImpl.lambda$exchange$0(CloudRestClientImpl.java:290)
	at java.base/java.security.AccessController.doPrivileged(Native Method)
	at blackboard.plugin.updates.connection.CloudRestClientImpl.exchange(CloudRestClientImpl.java:262)
	at blackboard.plugin.updates.connection.CloudRestClientImpl.exchange(CloudRestClientImpl.java:253)
	at com.blackboard.consulting.ccsc.service.impl.ProfileClient.doRestOp(ProfileClient.java:1524)
	at com.blackboard.consulting.ccsc.service.impl.ProfileClient.getApplicationV1V2(ProfileClient.java:849)
	at com.blackboard.consulting.gradejourney.job.GradesExtractJob.execute(GradesExtractJob.java:53)
	at org.quartz.core.JobRunShell.run(JobRunShell.java:202)
	at org.quartz.simpl.SimpleThreadPool$WorkerThread.run(SimpleThreadPool.java:573)
Caused by: org.springframework.web.client.HttpClientErrorException$NotFound: 404 Not Found: "{"status":404,"code":"ApplicationNotFoundException","message":"No application identified by 'null' was found or given version is not available for given application"}"
	at org.springframework.web.client.HttpClientErrorException.create(HttpClientErrorException.java:113)
	at org.springframework.web.client.DefaultResponseErrorHandler.handleError(DefaultResponseErrorHandler.java:168)
	at org.springframework.web.client.DefaultResponseErrorHandler.handleError(DefaultResponseErrorHandler.java:122)
	at blackboard.plugin.updates.connection.CloudClientResponseErrorHandler.handleError(CloudClientResponseErrorHandler.java:86)
	at org.springframework.web.client.ResponseErrorHandler.handleError(ResponseErrorHandler.java:63)
	at org.springframework.web.client.RestTemplate.handleResponse(RestTemplate.java:825)
	at org.springframework.web.client.RestTemplate.doExecute(RestTemplate.java:783)
	at org.springframework.web.client.RestTemplate.execute(RestTemplate.java:717)
	at org.springframework.web.client.RestTemplate.exchange(RestTemplate.java:608)
	at blackboard.plugin.updates.connection.CloudRestClientImpl.lambda$exchange$0(CloudRestClientImpl.java:271)
	... 8 common frames omitted
ERROR[2025-09-16 09:14:00][485:c.b.c.core.web.rest.LtiRedirector             ] : Exception occurred in checkVersion: 
java.lang.NullPointerException: null
ERROR[2025-09-16 09:14:00][1529:c.b.c.ccsc.service.impl.ProfileClient        ] : cloud exception
blackboard.plugin.cloud.ext.connection.CloudClientException: An error occurred during a GET request to /v1/ccsc/api/applications/null/associations/ce9bb794-b5f4-482a-9699-e3c5a730ed38.
	at blackboard.plugin.updates.connection.CloudRestClientImpl.lambda$exchange$0(CloudRestClientImpl.java:290)
	at java.base/java.security.AccessController.doPrivileged(Native Method)
	at blackboard.plugin.updates.connection.CloudRestClientImpl.exchange(CloudRestClientImpl.java:262)
	at blackboard.plugin.updates.connection.CloudRestClientImpl.exchange(CloudRestClientImpl.java:253)
	at com.blackboard.consulting.ccsc.service.impl.ProfileClient.doRestOp(ProfileClient.java:1524)
	at com.blackboard.consulting.ccsc.service.impl.ProfileClient.getAssociationV1V2(ProfileClient.java:763)
	at com.blackboard.consulting.gradejourney.job.GradesExtractJob.execute(GradesExtractJob.java:54)
	at org.quartz.core.JobRunShell.run(JobRunShell.java:202)
	at org.quartz.simpl.SimpleThreadPool$WorkerThread.run(SimpleThreadPool.java:573)
Caused by: org.springframework.web.client.HttpClientErrorException$NotFound: 404 Not Found: "{"status":404,"code":"ApplicationNotFoundException","message":"No application identified by 'null' was found or given version is not available for given application"}"
	at org.springframework.web.client.HttpClientErrorException.create(HttpClientErrorException.java:113)
	at org.springframework.web.client.DefaultResponseErrorHandler.handleError(DefaultResponseErrorHandler.java:168)
	at org.springframework.web.client.DefaultResponseErrorHandler.handleError(DefaultResponseErrorHandler.java:122)
	at blackboard.plugin.updates.connection.CloudClientResponseErrorHandler.handleError(CloudClientResponseErrorHandler.java:86)
	at org.springframework.web.client.ResponseErrorHandler.handleError(ResponseErrorHandler.java:63)
	at org.springframework.web.client.RestTemplate.handleResponse(RestTemplate.java:825)
	at org.springframework.web.client.RestTemplate.doExecute(RestTemplate.java:783)
	at org.springframework.web.client.RestTemplate.execute(RestTemplate.java:717)
	at org.springframework.web.client.RestTemplate.exchange(RestTemplate.java:608)
	at blackboard.plugin.updates.connection.CloudRestClientImpl.lambda$exchange$0(CloudRestClientImpl.java:271)
	... 8 common frames omitted
ERROR[2025-09-16 09:14:00][85:c.b.c.gradejourney.job.GradesExtractJob        ] : Error Loading the settings
java.lang.NullPointerException: null
	at com.blackboard.consulting.gradejourney.service.impl.GradesJourneySettingsServiceImpl.loadGjSettings(GradesJourneySettingsServiceImpl.java:134)
	at jdk.internal.reflect.GeneratedMethodAccessor734.invoke(Unknown Source)
	at java.base/jdk.internal.reflect.DelegatingMethodAccessorImpl.invoke(DelegatingMethodAccessorImpl.java:43)
	at java.base/java.lang.reflect.Method.invoke(Method.java:566)
	at org.springframework.aop.support.AopUtils.invokeJoinpointUsingReflection(AopUtils.java:344)
	at org.springframework.aop.framework.JdkDynamicAopProxy.invoke(JdkDynamicAopProxy.java:208)
	at com.sun.proxy.$Proxy2474.loadGjSettings(Unknown Source)
	at com.blackboard.consulting.gradejourney.job.GradesExtractJob.execute(GradesExtractJob.java:55)
	at org.quartz.core.JobRunShell.run(JobRunShell.java:202)
	at org.quartz.simpl.SimpleThreadPool$WorkerThread.run(SimpleThreadPool.java:573)
INFO [2025-09-16 09:15:00][46:c.b.c.gradejourney.job.GradesExtractJob        ] : == Entering execute() of Job CronGJExtract.CronGJExtractJob ==
ERROR[2025-09-16 09:15:00][485:c.b.c.core.web.rest.LtiRedirector             ] : Exception occurred in checkVersion: 
java.lang.NullPointerException: null
INFO [2025-09-16 09:15:00][844:c.b.c.ccsc.service.impl.ProfileClient         ] : Param : RedirectParam [isV2=false, signJwt=null, url=null, extId=null]
ERROR[2025-09-16 09:15:00][1529:c.b.c.ccsc.service.impl.ProfileClient        ] : cloud exception
blackboard.plugin.cloud.ext.connection.CloudClientException: An error occurred during a GET request to /v1/ccsc/api/applications/null.
	at blackboard.plugin.updates.connection.CloudRestClientImpl.lambda$exchange$0(CloudRestClientImpl.java:290)
	at java.base/java.security.AccessController.doPrivileged(Native Method)
	at blackboard.plugin.updates.connection.CloudRestClientImpl.exchange(CloudRestClientImpl.java:262)
	at blackboard.plugin.updates.connection.CloudRestClientImpl.exchange(CloudRestClientImpl.java:253)
	at com.blackboard.consulting.ccsc.service.impl.ProfileClient.doRestOp(ProfileClient.java:1524)
	at com.blackboard.consulting.ccsc.service.impl.ProfileClient.getApplicationV1V2(ProfileClient.java:849)
	at com.blackboard.consulting.gradejourney.job.GradesExtractJob.execute(GradesExtractJob.java:53)
	at org.quartz.core.JobRunShell.run(JobRunShell.java:202)
	at org.quartz.simpl.SimpleThreadPool$WorkerThread.run(SimpleThreadPool.java:573)
Caused by: org.springframework.web.client.HttpClientErrorException$NotFound: 404 Not Found: "{"status":404,"code":"ApplicationNotFoundException","message":"No application identified by 'null' was found or given version is not available for given application"}"
	at org.springframework.web.client.HttpClientErrorException.create(HttpClientErrorException.java:113)
	at org.springframework.web.client.DefaultResponseErrorHandler.handleError(DefaultResponseErrorHandler.java:168)
	at org.springframework.web.client.DefaultResponseErrorHandler.handleError(DefaultResponseErrorHandler.java:122)
	at blackboard.plugin.updates.connection.CloudClientResponseErrorHandler.handleError(CloudClientResponseErrorHandler.java:86)
	at org.springframework.web.client.ResponseErrorHandler.handleError(ResponseErrorHandler.java:63)
	at org.springframework.web.client.RestTemplate.handleResponse(RestTemplate.java:825)
	at org.springframework.web.client.RestTemplate.doExecute(RestTemplate.java:783)
	at org.springframework.web.client.RestTemplate.execute(RestTemplate.java:717)
	at org.springframework.web.client.RestTemplate.exchange(RestTemplate.java:608)
	at blackboard.plugin.updates.connection.CloudRestClientImpl.lambda$exchange$0(CloudRestClientImpl.java:271)
	... 8 common frames omitted
ERROR[2025-09-16 09:15:00][485:c.b.c.core.web.rest.LtiRedirector             ] : Exception occurred in checkVersion: 
java.lang.NullPointerException: null
ERROR[2025-09-16 09:15:00][1529:c.b.c.ccsc.service.impl.ProfileClient        ] : cloud exception
blackboard.plugin.cloud.ext.connection.CloudClientException: An error occurred during a GET request to /v1/ccsc/api/applications/null/associations/ce9bb794-b5f4-482a-9699-e3c5a730ed38.
	at blackboard.plugin.updates.connection.CloudRestClientImpl.lambda$exchange$0(CloudRestClientImpl.java:290)
	at java.base/java.security.AccessController.doPrivileged(Native Method)
	at blackboard.plugin.updates.connection.CloudRestClientImpl.exchange(CloudRestClientImpl.java:262)
	at blackboard.plugin.updates.connection.CloudRestClientImpl.exchange(CloudRestClientImpl.java:253)
	at com.blackboard.consulting.ccsc.service.impl.ProfileClient.doRestOp(ProfileClient.java:1524)
	at com.blackboard.consulting.ccsc.service.impl.ProfileClient.getAssociationV1V2(ProfileClient.java:763)
	at com.blackboard.consulting.gradejourney.job.GradesExtractJob.execute(GradesExtractJob.java:54)
	at org.quartz.core.JobRunShell.run(JobRunShell.java:202)
	at org.quartz.simpl.SimpleThreadPool$WorkerThread.run(SimpleThreadPool.java:573)
Caused by: org.springframework.web.client.HttpClientErrorException$NotFound: 404 Not Found: "{"status":404,"code":"ApplicationNotFoundException","message":"No application identified by 'null' was found or given version is not available for given application"}"
	at org.springframework.web.client.HttpClientErrorException.create(HttpClientErrorException.java:113)
	at org.springframework.web.client.DefaultResponseErrorHandler.handleError(DefaultResponseErrorHandler.java:168)
	at org.springframework.web.client.DefaultResponseErrorHandler.handleError(DefaultResponseErrorHandler.java:122)
	at blackboard.plugin.updates.connection.CloudClientResponseErrorHandler.handleError(CloudClientResponseErrorHandler.java:86)
	at org.springframework.web.client.ResponseErrorHandler.handleError(ResponseErrorHandler.java:63)
	at org.springframework.web.client.RestTemplate.handleResponse(RestTemplate.java:825)
	at org.springframework.web.client.RestTemplate.doExecute(RestTemplate.java:783)
	at org.springframework.web.client.RestTemplate.execute(RestTemplate.java:717)
	at org.springframework.web.client.RestTemplate.exchange(RestTemplate.java:608)
	at blackboard.plugin.updates.connection.CloudRestClientImpl.lambda$exchange$0(CloudRestClientImpl.java:271)
	... 8 common frames omitted
ERROR[2025-09-16 09:15:00][85:c.b.c.gradejourney.job.GradesExtractJob        ] : Error Loading the settings
java.lang.NullPointerException: null
	at com.blackboard.consulting.gradejourney.service.impl.GradesJourneySettingsServiceImpl.loadGjSettings(GradesJourneySettingsServiceImpl.java:134)
	at jdk.internal.reflect.GeneratedMethodAccessor734.invoke(Unknown Source)
	at java.base/jdk.internal.reflect.DelegatingMethodAccessorImpl.invoke(DelegatingMethodAccessorImpl.java:43)
	at java.base/java.lang.reflect.Method.invoke(Method.java:566)
	at org.springframework.aop.support.AopUtils.invokeJoinpointUsingReflection(AopUtils.java:344)
	at org.springframework.aop.framework.JdkDynamicAopProxy.invoke(JdkDynamicAopProxy.java:208)
	at com.sun.proxy.$Proxy2474.loadGjSettings(Unknown Source)
	at com.blackboard.consulting.gradejourney.job.GradesExtractJob.execute(GradesExtractJob.java:55)
	at org.quartz.core.JobRunShell.run(JobRunShell.java:202)
	at org.quartz.simpl.SimpleThreadPool$WorkerThread.run(SimpleThreadPool.java:573)
INFO [2025-09-16 09:17:00][46:c.b.c.gradejourney.job.GradesExtractJob        ] : == Entering execute() of Job CronGJExtract.CronGJExtractJob ==
ERROR[2025-09-16 09:17:00][485:c.b.c.core.web.rest.LtiRedirector             ] : Exception occurred in checkVersion: 
java.lang.NullPointerException: null
INFO [2025-09-16 09:17:00][844:c.b.c.ccsc.service.impl.ProfileClient         ] : Param : RedirectParam [isV2=false, signJwt=null, url=null, extId=null]
ERROR[2025-09-16 09:17:00][1529:c.b.c.ccsc.service.impl.ProfileClient        ] : cloud exception
blackboard.plugin.cloud.ext.connection.CloudClientException: An error occurred during a GET request to /v1/ccsc/api/applications/null.
	at blackboard.plugin.updates.connection.CloudRestClientImpl.lambda$exchange$0(CloudRestClientImpl.java:290)
	at java.base/java.security.AccessController.doPrivileged(Native Method)
	at blackboard.plugin.updates.connection.CloudRestClientImpl.exchange(CloudRestClientImpl.java:262)
	at blackboard.plugin.updates.connection.CloudRestClientImpl.exchange(CloudRestClientImpl.java:253)
	at com.blackboard.consulting.ccsc.service.impl.ProfileClient.doRestOp(ProfileClient.java:1524)
	at com.blackboard.consulting.ccsc.service.impl.ProfileClient.getApplicationV1V2(ProfileClient.java:849)
	at com.blackboard.consulting.gradejourney.job.GradesExtractJob.execute(GradesExtractJob.java:53)
	at org.quartz.core.JobRunShell.run(JobRunShell.java:202)
	at org.quartz.simpl.SimpleThreadPool$WorkerThread.run(SimpleThreadPool.java:573)
Caused by: org.springframework.web.client.HttpClientErrorException$NotFound: 404 Not Found: "{"status":404,"code":"ApplicationNotFoundException","message":"No application identified by 'null' was found or given version is not available for given application"}"
	at org.springframework.web.client.HttpClientErrorException.create(HttpClientErrorException.java:113)
	at org.springframework.web.client.DefaultResponseErrorHandler.handleError(DefaultResponseErrorHandler.java:168)
	at org.springframework.web.client.DefaultResponseErrorHandler.handleError(DefaultResponseErrorHandler.java:122)
	at blackboard.plugin.updates.connection.CloudClientResponseErrorHandler.handleError(CloudClientResponseErrorHandler.java:86)
	at org.springframework.web.client.ResponseErrorHandler.handleError(ResponseErrorHandler.java:63)
	at org.springframework.web.client.RestTemplate.handleResponse(RestTemplate.java:825)
	at org.springframework.web.client.RestTemplate.doExecute(RestTemplate.java:783)
	at org.springframework.web.client.RestTemplate.execute(RestTemplate.java:717)
	at org.springframework.web.client.RestTemplate.exchange(RestTemplate.java:608)
	at blackboard.plugin.updates.connection.CloudRestClientImpl.lambda$exchange$0(CloudRestClientImpl.java:271)
	... 8 common frames omitted
ERROR[2025-09-16 09:17:00][485:c.b.c.core.web.rest.LtiRedirector             ] : Exception occurred in checkVersion: 
java.lang.NullPointerException: null
ERROR[2025-09-16 09:17:00][1529:c.b.c.ccsc.service.impl.ProfileClient        ] : cloud exception
blackboard.plugin.cloud.ext.connection.CloudClientException: An error occurred during a GET request to /v1/ccsc/api/applications/null/associations/ce9bb794-b5f4-482a-9699-e3c5a730ed38.
	at blackboard.plugin.updates.connection.CloudRestClientImpl.lambda$exchange$0(CloudRestClientImpl.java:290)
	at java.base/java.security.AccessController.doPrivileged(Native Method)
	at blackboard.plugin.updates.connection.CloudRestClientImpl.exchange(CloudRestClientImpl.java:262)
	at blackboard.plugin.updates.connection.CloudRestClientImpl.exchange(CloudRestClientImpl.java:253)
	at com.blackboard.consulting.ccsc.service.impl.ProfileClient.doRestOp(ProfileClient.java:1524)
	at com.blackboard.consulting.ccsc.service.impl.ProfileClient.getAssociationV1V2(ProfileClient.java:763)
	at com.blackboard.consulting.gradejourney.job.GradesExtractJob.execute(GradesExtractJob.java:54)
	at org.quartz.core.JobRunShell.run(JobRunShell.java:202)
	at org.quartz.simpl.SimpleThreadPool$WorkerThread.run(SimpleThreadPool.java:573)
Caused by: org.springframework.web.client.HttpClientErrorException$NotFound: 404 Not Found: "{"status":404,"code":"ApplicationNotFoundException","message":"No application identified by 'null' was found or given version is not available for given application"}"
	at org.springframework.web.client.HttpClientErrorException.create(HttpClientErrorException.java:113)
	at org.springframework.web.client.DefaultResponseErrorHandler.handleError(DefaultResponseErrorHandler.java:168)
	at org.springframework.web.client.DefaultResponseErrorHandler.handleError(DefaultResponseErrorHandler.java:122)
	at blackboard.plugin.updates.connection.CloudClientResponseErrorHandler.handleError(CloudClientResponseErrorHandler.java:86)
	at org.springframework.web.client.ResponseErrorHandler.handleError(ResponseErrorHandler.java:63)
	at org.springframework.web.client.RestTemplate.handleResponse(RestTemplate.java:825)
	at org.springframework.web.client.RestTemplate.doExecute(RestTemplate.java:783)
	at org.springframework.web.client.RestTemplate.execute(RestTemplate.java:717)
	at org.springframework.web.client.RestTemplate.exchange(RestTemplate.java:608)
	at blackboard.plugin.updates.connection.CloudRestClientImpl.lambda$exchange$0(CloudRestClientImpl.java:271)
	... 8 common frames omitted
ERROR[2025-09-16 09:17:00][85:c.b.c.gradejourney.job.GradesExtractJob        ] : Error Loading the settings
java.lang.NullPointerException: null
	at com.blackboard.consulting.gradejourney.service.impl.GradesJourneySettingsServiceImpl.loadGjSettings(GradesJourneySettingsServiceImpl.java:134)
	at jdk.internal.reflect.GeneratedMethodAccessor734.invoke(Unknown Source)
	at java.base/jdk.internal.reflect.DelegatingMethodAccessorImpl.invoke(DelegatingMethodAccessorImpl.java:43)
	at java.base/java.lang.reflect.Method.invoke(Method.java:566)
	at org.springframework.aop.support.AopUtils.invokeJoinpointUsingReflection(AopUtils.java:344)
	at org.springframework.aop.framework.JdkDynamicAopProxy.invoke(JdkDynamicAopProxy.java:208)
	at com.sun.proxy.$Proxy2474.loadGjSettings(Unknown Source)
	at com.blackboard.consulting.gradejourney.job.GradesExtractJob.execute(GradesExtractJob.java:55)
	at org.quartz.core.JobRunShell.run(JobRunShell.java:202)
	at org.quartz.simpl.SimpleThreadPool$WorkerThread.run(SimpleThreadPool.java:573)
INFO [2025-09-16 09:19:00][46:c.b.c.gradejourney.job.GradesExtractJob        ] : == Entering execute() of Job CronGJExtract.CronGJExtractJob ==
ERROR[2025-09-16 09:19:00][485:c.b.c.core.web.rest.LtiRedirector             ] : Exception occurred in checkVersion: 
java.lang.NullPointerException: null
INFO [2025-09-16 09:19:00][844:c.b.c.ccsc.service.impl.ProfileClient         ] : Param : RedirectParam [isV2=false, signJwt=null, url=null, extId=null]
ERROR[2025-09-16 09:19:00][1529:c.b.c.ccsc.service.impl.ProfileClient        ] : cloud exception
blackboard.plugin.cloud.ext.connection.CloudClientException: An error occurred during a GET request to /v1/ccsc/api/applications/null.
	at blackboard.plugin.updates.connection.CloudRestClientImpl.lambda$exchange$0(CloudRestClientImpl.java:290)
	at java.base/java.security.AccessController.doPrivileged(Native Method)
	at blackboard.plugin.updates.connection.CloudRestClientImpl.exchange(CloudRestClientImpl.java:262)
	at blackboard.plugin.updates.connection.CloudRestClientImpl.exchange(CloudRestClientImpl.java:253)
	at com.blackboard.consulting.ccsc.service.impl.ProfileClient.doRestOp(ProfileClient.java:1524)
	at com.blackboard.consulting.ccsc.service.impl.ProfileClient.getApplicationV1V2(ProfileClient.java:849)
	at com.blackboard.consulting.gradejourney.job.GradesExtractJob.execute(GradesExtractJob.java:53)
	at org.quartz.core.JobRunShell.run(JobRunShell.java:202)
	at org.quartz.simpl.SimpleThreadPool$WorkerThread.run(SimpleThreadPool.java:573)
Caused by: org.springframework.web.client.HttpClientErrorException$NotFound: 404 Not Found: "{"status":404,"code":"ApplicationNotFoundException","message":"No application identified by 'null' was found or given version is not available for given application"}"
	at org.springframework.web.client.HttpClientErrorException.create(HttpClientErrorException.java:113)
	at org.springframework.web.client.DefaultResponseErrorHandler.handleError(DefaultResponseErrorHandler.java:168)
	at org.springframework.web.client.DefaultResponseErrorHandler.handleError(DefaultResponseErrorHandler.java:122)
	at blackboard.plugin.updates.connection.CloudClientResponseErrorHandler.handleError(CloudClientResponseErrorHandler.java:86)
	at org.springframework.web.client.ResponseErrorHandler.handleError(ResponseErrorHandler.java:63)
	at org.springframework.web.client.RestTemplate.handleResponse(RestTemplate.java:825)
	at org.springframework.web.client.RestTemplate.doExecute(RestTemplate.java:783)
	at org.springframework.web.client.RestTemplate.execute(RestTemplate.java:717)
	at org.springframework.web.client.RestTemplate.exchange(RestTemplate.java:608)
	at blackboard.plugin.updates.connection.CloudRestClientImpl.lambda$exchange$0(CloudRestClientImpl.java:271)
	... 8 common frames omitted
ERROR[2025-09-16 09:19:00][485:c.b.c.core.web.rest.LtiRedirector             ] : Exception occurred in checkVersion: 
java.lang.NullPointerException: null
ERROR[2025-09-16 09:19:00][1529:c.b.c.ccsc.service.impl.ProfileClient        ] : cloud exception
blackboard.plugin.cloud.ext.connection.CloudClientException: An error occurred during a GET request to /v1/ccsc/api/applications/null/associations/ce9bb794-b5f4-482a-9699-e3c5a730ed38.
	at blackboard.plugin.updates.connection.CloudRestClientImpl.lambda$exchange$0(CloudRestClientImpl.java:290)
	at java.base/java.security.AccessController.doPrivileged(Native Method)
	at blackboard.plugin.updates.connection.CloudRestClientImpl.exchange(CloudRestClientImpl.java:262)
	at blackboard.plugin.updates.connection.CloudRestClientImpl.exchange(CloudRestClientImpl.java:253)
	at com.blackboard.consulting.ccsc.service.impl.ProfileClient.doRestOp(ProfileClient.java:1524)
	at com.blackboard.consulting.ccsc.service.impl.ProfileClient.getAssociationV1V2(ProfileClient.java:763)
	at com.blackboard.consulting.gradejourney.job.GradesExtractJob.execute(GradesExtractJob.java:54)
	at org.quartz.core.JobRunShell.run(JobRunShell.java:202)
	at org.quartz.simpl.SimpleThreadPool$WorkerThread.run(SimpleThreadPool.java:573)
Caused by: org.springframework.web.client.HttpClientErrorException$NotFound: 404 Not Found: "{"status":404,"code":"ApplicationNotFoundException","message":"No application identified by 'null' was found or given version is not available for given application"}"
	at org.springframework.web.client.HttpClientErrorException.create(HttpClientErrorException.java:113)
	at org.springframework.web.client.DefaultResponseErrorHandler.handleError(DefaultResponseErrorHandler.java:168)
	at org.springframework.web.client.DefaultResponseErrorHandler.handleError(DefaultResponseErrorHandler.java:122)
	at blackboard.plugin.updates.connection.CloudClientResponseErrorHandler.handleError(CloudClientResponseErrorHandler.java:86)
	at org.springframework.web.client.ResponseErrorHandler.handleError(ResponseErrorHandler.java:63)
	at org.springframework.web.client.RestTemplate.handleResponse(RestTemplate.java:825)
	at org.springframework.web.client.RestTemplate.doExecute(RestTemplate.java:783)
	at org.springframework.web.client.RestTemplate.execute(RestTemplate.java:717)
	at org.springframework.web.client.RestTemplate.exchange(RestTemplate.java:608)
	at blackboard.plugin.updates.connection.CloudRestClientImpl.lambda$exchange$0(CloudRestClientImpl.java:271)
	... 8 common frames omitted
ERROR[2025-09-16 09:19:00][85:c.b.c.gradejourney.job.GradesExtractJob        ] : Error Loading the settings
java.lang.NullPointerException: null
	at com.blackboard.consulting.gradejourney.service.impl.GradesJourneySettingsServiceImpl.loadGjSettings(GradesJourneySettingsServiceImpl.java:134)
	at jdk.internal.reflect.GeneratedMethodAccessor734.invoke(Unknown Source)
	at java.base/jdk.internal.reflect.DelegatingMethodAccessorImpl.invoke(DelegatingMethodAccessorImpl.java:43)
	at java.base/java.lang.reflect.Method.invoke(Method.java:566)
	at org.springframework.aop.support.AopUtils.invokeJoinpointUsingReflection(AopUtils.java:344)
	at org.springframework.aop.framework.JdkDynamicAopProxy.invoke(JdkDynamicAopProxy.java:208)
	at com.sun.proxy.$Proxy2474.loadGjSettings(Unknown Source)
	at com.blackboard.consulting.gradejourney.job.GradesExtractJob.execute(GradesExtractJob.java:55)
	at org.quartz.core.JobRunShell.run(JobRunShell.java:202)
	at org.quartz.simpl.SimpleThreadPool$WorkerThread.run(SimpleThreadPool.java:573)
INFO [2025-09-16 09:21:00][46:c.b.c.gradejourney.job.GradesExtractJob        ] : == Entering execute() of Job CronGJExtract.CronGJExtractJob ==
ERROR[2025-09-16 09:21:00][485:c.b.c.core.web.rest.LtiRedirector             ] : Exception occurred in checkVersion: 
java.lang.NullPointerException: null
INFO [2025-09-16 09:21:00][844:c.b.c.ccsc.service.impl.ProfileClient         ] : Param : RedirectParam [isV2=false, signJwt=null, url=null, extId=null]
ERROR[2025-09-16 09:21:00][1529:c.b.c.ccsc.service.impl.ProfileClient        ] : cloud exception
blackboard.plugin.cloud.ext.connection.CloudClientException: An error occurred during a GET request to /v1/ccsc/api/applications/null.
	at blackboard.plugin.updates.connection.CloudRestClientImpl.lambda$exchange$0(CloudRestClientImpl.java:290)
	at java.base/java.security.AccessController.doPrivileged(Native Method)
	at blackboard.plugin.updates.connection.CloudRestClientImpl.exchange(CloudRestClientImpl.java:262)
	at blackboard.plugin.updates.connection.CloudRestClientImpl.exchange(CloudRestClientImpl.java:253)
	at com.blackboard.consulting.ccsc.service.impl.ProfileClient.doRestOp(ProfileClient.java:1524)
	at com.blackboard.consulting.ccsc.service.impl.ProfileClient.getApplicationV1V2(ProfileClient.java:849)
	at com.blackboard.consulting.gradejourney.job.GradesExtractJob.execute(GradesExtractJob.java:53)
	at org.quartz.core.JobRunShell.run(JobRunShell.java:202)
	at org.quartz.simpl.SimpleThreadPool$WorkerThread.run(SimpleThreadPool.java:573)
Caused by: org.springframework.web.client.HttpClientErrorException$NotFound: 404 Not Found: "{"status":404,"code":"ApplicationNotFoundException","message":"No application identified by 'null' was found or given version is not available for given application"}"
	at org.springframework.web.client.HttpClientErrorException.create(HttpClientErrorException.java:113)
	at org.springframework.web.client.DefaultResponseErrorHandler.handleError(DefaultResponseErrorHandler.java:168)
	at org.springframework.web.client.DefaultResponseErrorHandler.handleError(DefaultResponseErrorHandler.java:122)
	at blackboard.plugin.updates.connection.CloudClientResponseErrorHandler.handleError(CloudClientResponseErrorHandler.java:86)
	at org.springframework.web.client.ResponseErrorHandler.handleError(ResponseErrorHandler.java:63)
	at org.springframework.web.client.RestTemplate.handleResponse(RestTemplate.java:825)
	at org.springframework.web.client.RestTemplate.doExecute(RestTemplate.java:783)
	at org.springframework.web.client.RestTemplate.execute(RestTemplate.java:717)
	at org.springframework.web.client.RestTemplate.exchange(RestTemplate.java:608)
	at blackboard.plugin.updates.connection.CloudRestClientImpl.lambda$exchange$0(CloudRestClientImpl.java:271)
	... 8 common frames omitted
ERROR[2025-09-16 09:21:00][485:c.b.c.core.web.rest.LtiRedirector             ] : Exception occurred in checkVersion: 
java.lang.NullPointerException: null
ERROR[2025-09-16 09:21:00][1529:c.b.c.ccsc.service.impl.ProfileClient        ] : cloud exception
blackboard.plugin.cloud.ext.connection.CloudClientException: An error occurred during a GET request to /v1/ccsc/api/applications/null/associations/ce9bb794-b5f4-482a-9699-e3c5a730ed38.
	at blackboard.plugin.updates.connection.CloudRestClientImpl.lambda$exchange$0(CloudRestClientImpl.java:290)
	at java.base/java.security.AccessController.doPrivileged(Native Method)
	at blackboard.plugin.updates.connection.CloudRestClientImpl.exchange(CloudRestClientImpl.java:262)
	at blackboard.plugin.updates.connection.CloudRestClientImpl.exchange(CloudRestClientImpl.java:253)
	at com.blackboard.consulting.ccsc.service.impl.ProfileClient.doRestOp(ProfileClient.java:1524)
	at com.blackboard.consulting.ccsc.service.impl.ProfileClient.getAssociationV1V2(ProfileClient.java:763)
	at com.blackboard.consulting.gradejourney.job.GradesExtractJob.execute(GradesExtractJob.java:54)
	at org.quartz.core.JobRunShell.run(JobRunShell.java:202)
	at org.quartz.simpl.SimpleThreadPool$WorkerThread.run(SimpleThreadPool.java:573)
Caused by: org.springframework.web.client.HttpClientErrorException$NotFound: 404 Not Found: "{"status":404,"code":"ApplicationNotFoundException","message":"No application identified by 'null' was found or given version is not available for given application"}"
	at org.springframework.web.client.HttpClientErrorException.create(HttpClientErrorException.java:113)
	at org.springframework.web.client.DefaultResponseErrorHandler.handleError(DefaultResponseErrorHandler.java:168)
	at org.springframework.web.client.DefaultResponseErrorHandler.handleError(DefaultResponseErrorHandler.java:122)
	at blackboard.plugin.updates.connection.CloudClientResponseErrorHandler.handleError(CloudClientResponseErrorHandler.java:86)
	at org.springframework.web.client.ResponseErrorHandler.handleError(ResponseErrorHandler.java:63)
	at org.springframework.web.client.RestTemplate.handleResponse(RestTemplate.java:825)
	at org.springframework.web.client.RestTemplate.doExecute(RestTemplate.java:783)
	at org.springframework.web.client.RestTemplate.execute(RestTemplate.java:717)
	at org.springframework.web.client.RestTemplate.exchange(RestTemplate.java:608)
	at blackboard.plugin.updates.connection.CloudRestClientImpl.lambda$exchange$0(CloudRestClientImpl.java:271)
	... 8 common frames omitted
ERROR[2025-09-16 09:21:00][85:c.b.c.gradejourney.job.GradesExtractJob        ] : Error Loading the settings
java.lang.NullPointerException: null
	at com.blackboard.consulting.gradejourney.service.impl.GradesJourneySettingsServiceImpl.loadGjSettings(GradesJourneySettingsServiceImpl.java:134)
	at jdk.internal.reflect.GeneratedMethodAccessor734.invoke(Unknown Source)
	at java.base/jdk.internal.reflect.DelegatingMethodAccessorImpl.invoke(DelegatingMethodAccessorImpl.java:43)
	at java.base/java.lang.reflect.Method.invoke(Method.java:566)
	at org.springframework.aop.support.AopUtils.invokeJoinpointUsingReflection(AopUtils.java:344)
	at org.springframework.aop.framework.JdkDynamicAopProxy.invoke(JdkDynamicAopProxy.java:208)
	at com.sun.proxy.$Proxy2474.loadGjSettings(Unknown Source)
	at com.blackboard.consulting.gradejourney.job.GradesExtractJob.execute(GradesExtractJob.java:55)
	at org.quartz.core.JobRunShell.run(JobRunShell.java:202)
	at org.quartz.simpl.SimpleThreadPool$WorkerThread.run(SimpleThreadPool.java:573)
INFO [2025-09-16 09:22:00][46:c.b.c.gradejourney.job.GradesExtractJob        ] : == Entering execute() of Job CronGJExtract.CronGJExtractJob ==
ERROR[2025-09-16 09:22:00][485:c.b.c.core.web.rest.LtiRedirector             ] : Exception occurred in checkVersion: 
java.lang.NullPointerException: null
INFO [2025-09-16 09:22:00][844:c.b.c.ccsc.service.impl.ProfileClient         ] : Param : RedirectParam [isV2=false, signJwt=null, url=null, extId=null]
ERROR[2025-09-16 09:22:00][1529:c.b.c.ccsc.service.impl.ProfileClient        ] : cloud exception
blackboard.plugin.cloud.ext.connection.CloudClientException: An error occurred during a GET request to /v1/ccsc/api/applications/null.
	at blackboard.plugin.updates.connection.CloudRestClientImpl.lambda$exchange$0(CloudRestClientImpl.java:290)
	at java.base/java.security.AccessController.doPrivileged(Native Method)
	at blackboard.plugin.updates.connection.CloudRestClientImpl.exchange(CloudRestClientImpl.java:262)
	at blackboard.plugin.updates.connection.CloudRestClientImpl.exchange(CloudRestClientImpl.java:253)
	at com.blackboard.consulting.ccsc.service.impl.ProfileClient.doRestOp(ProfileClient.java:1524)
	at com.blackboard.consulting.ccsc.service.impl.ProfileClient.getApplicationV1V2(ProfileClient.java:849)
	at com.blackboard.consulting.gradejourney.job.GradesExtractJob.execute(GradesExtractJob.java:53)
	at org.quartz.core.JobRunShell.run(JobRunShell.java:202)
	at org.quartz.simpl.SimpleThreadPool$WorkerThread.run(SimpleThreadPool.java:573)
Caused by: org.springframework.web.client.HttpClientErrorException$NotFound: 404 Not Found: "{"status":404,"code":"ApplicationNotFoundException","message":"No application identified by 'null' was found or given version is not available for given application"}"
	at org.springframework.web.client.HttpClientErrorException.create(HttpClientErrorException.java:113)
	at org.springframework.web.client.DefaultResponseErrorHandler.handleError(DefaultResponseErrorHandler.java:168)
	at org.springframework.web.client.DefaultResponseErrorHandler.handleError(DefaultResponseErrorHandler.java:122)
	at blackboard.plugin.updates.connection.CloudClientResponseErrorHandler.handleError(CloudClientResponseErrorHandler.java:86)
	at org.springframework.web.client.ResponseErrorHandler.handleError(ResponseErrorHandler.java:63)
	at org.springframework.web.client.RestTemplate.handleResponse(RestTemplate.java:825)
	at org.springframework.web.client.RestTemplate.doExecute(RestTemplate.java:783)
	at org.springframework.web.client.RestTemplate.execute(RestTemplate.java:717)
	at org.springframework.web.client.RestTemplate.exchange(RestTemplate.java:608)
	at blackboard.plugin.updates.connection.CloudRestClientImpl.lambda$exchange$0(CloudRestClientImpl.java:271)
	... 8 common frames omitted
ERROR[2025-09-16 09:22:00][485:c.b.c.core.web.rest.LtiRedirector             ] : Exception occurred in checkVersion: 
java.lang.NullPointerException: null
ERROR[2025-09-16 09:22:00][1529:c.b.c.ccsc.service.impl.ProfileClient        ] : cloud exception
blackboard.plugin.cloud.ext.connection.CloudClientException: An error occurred during a GET request to /v1/ccsc/api/applications/null/associations/ce9bb794-b5f4-482a-9699-e3c5a730ed38.
	at blackboard.plugin.updates.connection.CloudRestClientImpl.lambda$exchange$0(CloudRestClientImpl.java:290)
	at java.base/java.security.AccessController.doPrivileged(Native Method)
	at blackboard.plugin.updates.connection.CloudRestClientImpl.exchange(CloudRestClientImpl.java:262)
	at blackboard.plugin.updates.connection.CloudRestClientImpl.exchange(CloudRestClientImpl.java:253)
	at com.blackboard.consulting.ccsc.service.impl.ProfileClient.doRestOp(ProfileClient.java:1524)
	at com.blackboard.consulting.ccsc.service.impl.ProfileClient.getAssociationV1V2(ProfileClient.java:763)
	at com.blackboard.consulting.gradejourney.job.GradesExtractJob.execute(GradesExtractJob.java:54)
	at org.quartz.core.JobRunShell.run(JobRunShell.java:202)
	at org.quartz.simpl.SimpleThreadPool$WorkerThread.run(SimpleThreadPool.java:573)
Caused by: org.springframework.web.client.HttpClientErrorException$NotFound: 404 Not Found: "{"status":404,"code":"ApplicationNotFoundException","message":"No application identified by 'null' was found or given version is not available for given application"}"
	at org.springframework.web.client.HttpClientErrorException.create(HttpClientErrorException.java:113)
	at org.springframework.web.client.DefaultResponseErrorHandler.handleError(DefaultResponseErrorHandler.java:168)
	at org.springframework.web.client.DefaultResponseErrorHandler.handleError(DefaultResponseErrorHandler.java:122)
	at blackboard.plugin.updates.connection.CloudClientResponseErrorHandler.handleError(CloudClientResponseErrorHandler.java:86)
	at org.springframework.web.client.ResponseErrorHandler.handleError(ResponseErrorHandler.java:63)
	at org.springframework.web.client.RestTemplate.handleResponse(RestTemplate.java:825)
	at org.springframework.web.client.RestTemplate.doExecute(RestTemplate.java:783)
	at org.springframework.web.client.RestTemplate.execute(RestTemplate.java:717)
	at org.springframework.web.client.RestTemplate.exchange(RestTemplate.java:608)
	at blackboard.plugin.updates.connection.CloudRestClientImpl.lambda$exchange$0(CloudRestClientImpl.java:271)
	... 8 common frames omitted
ERROR[2025-09-16 09:22:00][85:c.b.c.gradejourney.job.GradesExtractJob        ] : Error Loading the settings
java.lang.NullPointerException: null
	at com.blackboard.consulting.gradejourney.service.impl.GradesJourneySettingsServiceImpl.loadGjSettings(GradesJourneySettingsServiceImpl.java:134)
	at jdk.internal.reflect.GeneratedMethodAccessor734.invoke(Unknown Source)
	at java.base/jdk.internal.reflect.DelegatingMethodAccessorImpl.invoke(DelegatingMethodAccessorImpl.java:43)
	at java.base/java.lang.reflect.Method.invoke(Method.java:566)
	at org.springframework.aop.support.AopUtils.invokeJoinpointUsingReflection(AopUtils.java:344)
	at org.springframework.aop.framework.JdkDynamicAopProxy.invoke(JdkDynamicAopProxy.java:208)
	at com.sun.proxy.$Proxy2474.loadGjSettings(Unknown Source)
	at com.blackboard.consulting.gradejourney.job.GradesExtractJob.execute(GradesExtractJob.java:55)
	at org.quartz.core.JobRunShell.run(JobRunShell.java:202)
	at org.quartz.simpl.SimpleThreadPool$WorkerThread.run(SimpleThreadPool.java:573)
INFO [2025-09-16 09:24:00][46:c.b.c.gradejourney.job.GradesExtractJob        ] : == Entering execute() of Job CronGJExtract.CronGJExtractJob ==
ERROR[2025-09-16 09:24:00][485:c.b.c.core.web.rest.LtiRedirector             ] : Exception occurred in checkVersion: 
java.lang.NullPointerException: null
INFO [2025-09-16 09:24:00][844:c.b.c.ccsc.service.impl.ProfileClient         ] : Param : RedirectParam [isV2=false, signJwt=null, url=null, extId=null]
ERROR[2025-09-16 09:24:00][1529:c.b.c.ccsc.service.impl.ProfileClient        ] : cloud exception
blackboard.plugin.cloud.ext.connection.CloudClientException: An error occurred during a GET request to /v1/ccsc/api/applications/null.
	at blackboard.plugin.updates.connection.CloudRestClientImpl.lambda$exchange$0(CloudRestClientImpl.java:290)
	at java.base/java.security.AccessController.doPrivileged(Native Method)
	at blackboard.plugin.updates.connection.CloudRestClientImpl.exchange(CloudRestClientImpl.java:262)
	at blackboard.plugin.updates.connection.CloudRestClientImpl.exchange(CloudRestClientImpl.java:253)
	at com.blackboard.consulting.ccsc.service.impl.ProfileClient.doRestOp(ProfileClient.java:1524)
	at com.blackboard.consulting.ccsc.service.impl.ProfileClient.getApplicationV1V2(ProfileClient.java:849)
	at com.blackboard.consulting.gradejourney.job.GradesExtractJob.execute(GradesExtractJob.java:53)
	at org.quartz.core.JobRunShell.run(JobRunShell.java:202)
	at org.quartz.simpl.SimpleThreadPool$WorkerThread.run(SimpleThreadPool.java:573)
Caused by: org.springframework.web.client.HttpClientErrorException$NotFound: 404 Not Found: "{"status":404,"code":"ApplicationNotFoundException","message":"No application identified by 'null' was found or given version is not available for given application"}"
	at org.springframework.web.client.HttpClientErrorException.create(HttpClientErrorException.java:113)
	at org.springframework.web.client.DefaultResponseErrorHandler.handleError(DefaultResponseErrorHandler.java:168)
	at org.springframework.web.client.DefaultResponseErrorHandler.handleError(DefaultResponseErrorHandler.java:122)
	at blackboard.plugin.updates.connection.CloudClientResponseErrorHandler.handleError(CloudClientResponseErrorHandler.java:86)
	at org.springframework.web.client.ResponseErrorHandler.handleError(ResponseErrorHandler.java:63)
	at org.springframework.web.client.RestTemplate.handleResponse(RestTemplate.java:825)
	at org.springframework.web.client.RestTemplate.doExecute(RestTemplate.java:783)
	at org.springframework.web.client.RestTemplate.execute(RestTemplate.java:717)
	at org.springframework.web.client.RestTemplate.exchange(RestTemplate.java:608)
	at blackboard.plugin.updates.connection.CloudRestClientImpl.lambda$exchange$0(CloudRestClientImpl.java:271)
	... 8 common frames omitted
ERROR[2025-09-16 09:24:00][485:c.b.c.core.web.rest.LtiRedirector             ] : Exception occurred in checkVersion: 
java.lang.NullPointerException: null
ERROR[2025-09-16 09:24:00][1529:c.b.c.ccsc.service.impl.ProfileClient        ] : cloud exception
blackboard.plugin.cloud.ext.connection.CloudClientException: An error occurred during a GET request to /v1/ccsc/api/applications/null/associations/ce9bb794-b5f4-482a-9699-e3c5a730ed38.
	at blackboard.plugin.updates.connection.CloudRestClientImpl.lambda$exchange$0(CloudRestClientImpl.java:290)
	at java.base/java.security.AccessController.doPrivileged(Native Method)
	at blackboard.plugin.updates.connection.CloudRestClientImpl.exchange(CloudRestClientImpl.java:262)
	at blackboard.plugin.updates.connection.CloudRestClientImpl.exchange(CloudRestClientImpl.java:253)
	at com.blackboard.consulting.ccsc.service.impl.ProfileClient.doRestOp(ProfileClient.java:1524)
	at com.blackboard.consulting.ccsc.service.impl.ProfileClient.getAssociationV1V2(ProfileClient.java:763)
	at com.blackboard.consulting.gradejourney.job.GradesExtractJob.execute(GradesExtractJob.java:54)
	at org.quartz.core.JobRunShell.run(JobRunShell.java:202)
	at org.quartz.simpl.SimpleThreadPool$WorkerThread.run(SimpleThreadPool.java:573)
Caused by: org.springframework.web.client.HttpClientErrorException$NotFound: 404 Not Found: "{"status":404,"code":"ApplicationNotFoundException","message":"No application identified by 'null' was found or given version is not available for given application"}"
	at org.springframework.web.client.HttpClientErrorException.create(HttpClientErrorException.java:113)
	at org.springframework.web.client.DefaultResponseErrorHandler.handleError(DefaultResponseErrorHandler.java:168)
	at org.springframework.web.client.DefaultResponseErrorHandler.handleError(DefaultResponseErrorHandler.java:122)
	at blackboard.plugin.updates.connection.CloudClientResponseErrorHandler.handleError(CloudClientResponseErrorHandler.java:86)
	at org.springframework.web.client.ResponseErrorHandler.handleError(ResponseErrorHandler.java:63)
	at org.springframework.web.client.RestTemplate.handleResponse(RestTemplate.java:825)
	at org.springframework.web.client.RestTemplate.doExecute(RestTemplate.java:783)
	at org.springframework.web.client.RestTemplate.execute(RestTemplate.java:717)
	at org.springframework.web.client.RestTemplate.exchange(RestTemplate.java:608)
	at blackboard.plugin.updates.connection.CloudRestClientImpl.lambda$exchange$0(CloudRestClientImpl.java:271)
	... 8 common frames omitted
ERROR[2025-09-16 09:24:00][85:c.b.c.gradejourney.job.GradesExtractJob        ] : Error Loading the settings
java.lang.NullPointerException: null
	at com.blackboard.consulting.gradejourney.service.impl.GradesJourneySettingsServiceImpl.loadGjSettings(GradesJourneySettingsServiceImpl.java:134)
	at jdk.internal.reflect.GeneratedMethodAccessor734.invoke(Unknown Source)
	at java.base/jdk.internal.reflect.DelegatingMethodAccessorImpl.invoke(DelegatingMethodAccessorImpl.java:43)
	at java.base/java.lang.reflect.Method.invoke(Method.java:566)
	at org.springframework.aop.support.AopUtils.invokeJoinpointUsingReflection(AopUtils.java:344)
	at org.springframework.aop.framework.JdkDynamicAopProxy.invoke(JdkDynamicAopProxy.java:208)
	at com.sun.proxy.$Proxy2474.loadGjSettings(Unknown Source)
	at com.blackboard.consulting.gradejourney.job.GradesExtractJob.execute(GradesExtractJob.java:55)
	at org.quartz.core.JobRunShell.run(JobRunShell.java:202)
	at org.quartz.simpl.SimpleThreadPool$WorkerThread.run(SimpleThreadPool.java:573)
INFO [2025-09-16 09:26:00][46:c.b.c.gradejourney.job.GradesExtractJob        ] : == Entering execute() of Job CronGJExtract.CronGJExtractJob ==
ERROR[2025-09-16 09:26:00][485:c.b.c.core.web.rest.LtiRedirector             ] : Exception occurred in checkVersion: 
java.lang.NullPointerException: null
INFO [2025-09-16 09:26:00][844:c.b.c.ccsc.service.impl.ProfileClient         ] : Param : RedirectParam [isV2=false, signJwt=null, url=null, extId=null]
ERROR[2025-09-16 09:26:00][1529:c.b.c.ccsc.service.impl.ProfileClient        ] : cloud exception
blackboard.plugin.cloud.ext.connection.CloudClientException: An error occurred during a GET request to /v1/ccsc/api/applications/null.
	at blackboard.plugin.updates.connection.CloudRestClientImpl.lambda$exchange$0(CloudRestClientImpl.java:290)
	at java.base/java.security.AccessController.doPrivileged(Native Method)
	at blackboard.plugin.updates.connection.CloudRestClientImpl.exchange(CloudRestClientImpl.java:262)
	at blackboard.plugin.updates.connection.CloudRestClientImpl.exchange(CloudRestClientImpl.java:253)
	at com.blackboard.consulting.ccsc.service.impl.ProfileClient.doRestOp(ProfileClient.java:1524)
	at com.blackboard.consulting.ccsc.service.impl.ProfileClient.getApplicationV1V2(ProfileClient.java:849)
	at com.blackboard.consulting.gradejourney.job.GradesExtractJob.execute(GradesExtractJob.java:53)
	at org.quartz.core.JobRunShell.run(JobRunShell.java:202)
	at org.quartz.simpl.SimpleThreadPool$WorkerThread.run(SimpleThreadPool.java:573)
Caused by: org.springframework.web.client.HttpClientErrorException$NotFound: 404 Not Found: "{"status":404,"code":"ApplicationNotFoundException","message":"No application identified by 'null' was found or given version is not available for given application"}"
	at org.springframework.web.client.HttpClientErrorException.create(HttpClientErrorException.java:113)
	at org.springframework.web.client.DefaultResponseErrorHandler.handleError(DefaultResponseErrorHandler.java:168)
	at org.springframework.web.client.DefaultResponseErrorHandler.handleError(DefaultResponseErrorHandler.java:122)
	at blackboard.plugin.updates.connection.CloudClientResponseErrorHandler.handleError(CloudClientResponseErrorHandler.java:86)
	at org.springframework.web.client.ResponseErrorHandler.handleError(ResponseErrorHandler.java:63)
	at org.springframework.web.client.RestTemplate.handleResponse(RestTemplate.java:825)
	at org.springframework.web.client.RestTemplate.doExecute(RestTemplate.java:783)
	at org.springframework.web.client.RestTemplate.execute(RestTemplate.java:717)
	at org.springframework.web.client.RestTemplate.exchange(RestTemplate.java:608)
	at blackboard.plugin.updates.connection.CloudRestClientImpl.lambda$exchange$0(CloudRestClientImpl.java:271)
	... 8 common frames omitted
ERROR[2025-09-16 09:26:00][485:c.b.c.core.web.rest.LtiRedirector             ] : Exception occurred in checkVersion: 
java.lang.NullPointerException: null
ERROR[2025-09-16 09:26:00][1529:c.b.c.ccsc.service.impl.ProfileClient        ] : cloud exception
blackboard.plugin.cloud.ext.connection.CloudClientException: An error occurred during a GET request to /v1/ccsc/api/applications/null/associations/ce9bb794-b5f4-482a-9699-e3c5a730ed38.
	at blackboard.plugin.updates.connection.CloudRestClientImpl.lambda$exchange$0(CloudRestClientImpl.java:290)
	at java.base/java.security.AccessController.doPrivileged(Native Method)
	at blackboard.plugin.updates.connection.CloudRestClientImpl.exchange(CloudRestClientImpl.java:262)
	at blackboard.plugin.updates.connection.CloudRestClientImpl.exchange(CloudRestClientImpl.java:253)
	at com.blackboard.consulting.ccsc.service.impl.ProfileClient.doRestOp(ProfileClient.java:1524)
	at com.blackboard.consulting.ccsc.service.impl.ProfileClient.getAssociationV1V2(ProfileClient.java:763)
	at com.blackboard.consulting.gradejourney.job.GradesExtractJob.execute(GradesExtractJob.java:54)
	at org.quartz.core.JobRunShell.run(JobRunShell.java:202)
	at org.quartz.simpl.SimpleThreadPool$WorkerThread.run(SimpleThreadPool.java:573)
Caused by: org.springframework.web.client.HttpClientErrorException$NotFound: 404 Not Found: "{"status":404,"code":"ApplicationNotFoundException","message":"No application identified by 'null' was found or given version is not available for given application"}"
	at org.springframework.web.client.HttpClientErrorException.create(HttpClientErrorException.java:113)
	at org.springframework.web.client.DefaultResponseErrorHandler.handleError(DefaultResponseErrorHandler.java:168)
	at org.springframework.web.client.DefaultResponseErrorHandler.handleError(DefaultResponseErrorHandler.java:122)
	at blackboard.plugin.updates.connection.CloudClientResponseErrorHandler.handleError(CloudClientResponseErrorHandler.java:86)
	at org.springframework.web.client.ResponseErrorHandler.handleError(ResponseErrorHandler.java:63)
	at org.springframework.web.client.RestTemplate.handleResponse(RestTemplate.java:825)
	at org.springframework.web.client.RestTemplate.doExecute(RestTemplate.java:783)
	at org.springframework.web.client.RestTemplate.execute(RestTemplate.java:717)
	at org.springframework.web.client.RestTemplate.exchange(RestTemplate.java:608)
	at blackboard.plugin.updates.connection.CloudRestClientImpl.lambda$exchange$0(CloudRestClientImpl.java:271)
	... 8 common frames omitted
ERROR[2025-09-16 09:26:00][85:c.b.c.gradejourney.job.GradesExtractJob        ] : Error Loading the settings
java.lang.NullPointerException: null
	at com.blackboard.consulting.gradejourney.service.impl.GradesJourneySettingsServiceImpl.loadGjSettings(GradesJourneySettingsServiceImpl.java:134)
	at jdk.internal.reflect.GeneratedMethodAccessor734.invoke(Unknown Source)
	at java.base/jdk.internal.reflect.DelegatingMethodAccessorImpl.invoke(DelegatingMethodAccessorImpl.java:43)
	at java.base/java.lang.reflect.Method.invoke(Method.java:566)
	at org.springframework.aop.support.AopUtils.invokeJoinpointUsingReflection(AopUtils.java:344)
	at org.springframework.aop.framework.JdkDynamicAopProxy.invoke(JdkDynamicAopProxy.java:208)
	at com.sun.proxy.$Proxy2474.loadGjSettings(Unknown Source)
	at com.blackboard.consulting.gradejourney.job.GradesExtractJob.execute(GradesExtractJob.java:55)
	at org.quartz.core.JobRunShell.run(JobRunShell.java:202)
	at org.quartz.simpl.SimpleThreadPool$WorkerThread.run(SimpleThreadPool.java:573)
INFO [2025-09-16 09:28:00][46:c.b.c.gradejourney.job.GradesExtractJob        ] : == Entering execute() of Job CronGJExtract.CronGJExtractJob ==
ERROR[2025-09-16 09:28:00][485:c.b.c.core.web.rest.LtiRedirector             ] : Exception occurred in checkVersion: 
java.lang.NullPointerException: null
INFO [2025-09-16 09:28:00][844:c.b.c.ccsc.service.impl.ProfileClient         ] : Param : RedirectParam [isV2=false, signJwt=null, url=null, extId=null]
ERROR[2025-09-16 09:28:00][1529:c.b.c.ccsc.service.impl.ProfileClient        ] : cloud exception
blackboard.plugin.cloud.ext.connection.CloudClientException: An error occurred during a GET request to /v1/ccsc/api/applications/null.
	at blackboard.plugin.updates.connection.CloudRestClientImpl.lambda$exchange$0(CloudRestClientImpl.java:290)
	at java.base/java.security.AccessController.doPrivileged(Native Method)
	at blackboard.plugin.updates.connection.CloudRestClientImpl.exchange(CloudRestClientImpl.java:262)
	at blackboard.plugin.updates.connection.CloudRestClientImpl.exchange(CloudRestClientImpl.java:253)
	at com.blackboard.consulting.ccsc.service.impl.ProfileClient.doRestOp(ProfileClient.java:1524)
	at com.blackboard.consulting.ccsc.service.impl.ProfileClient.getApplicationV1V2(ProfileClient.java:849)
	at com.blackboard.consulting.gradejourney.job.GradesExtractJob.execute(GradesExtractJob.java:53)
	at org.quartz.core.JobRunShell.run(JobRunShell.java:202)
	at org.quartz.simpl.SimpleThreadPool$WorkerThread.run(SimpleThreadPool.java:573)
Caused by: org.springframework.web.client.HttpClientErrorException$NotFound: 404 Not Found: "{"status":404,"code":"ApplicationNotFoundException","message":"No application identified by 'null' was found or given version is not available for given application"}"
	at org.springframework.web.client.HttpClientErrorException.create(HttpClientErrorException.java:113)
	at org.springframework.web.client.DefaultResponseErrorHandler.handleError(DefaultResponseErrorHandler.java:168)
	at org.springframework.web.client.DefaultResponseErrorHandler.handleError(DefaultResponseErrorHandler.java:122)
	at blackboard.plugin.updates.connection.CloudClientResponseErrorHandler.handleError(CloudClientResponseErrorHandler.java:86)
	at org.springframework.web.client.ResponseErrorHandler.handleError(ResponseErrorHandler.java:63)
	at org.springframework.web.client.RestTemplate.handleResponse(RestTemplate.java:825)
	at org.springframework.web.client.RestTemplate.doExecute(RestTemplate.java:783)
	at org.springframework.web.client.RestTemplate.execute(RestTemplate.java:717)
	at org.springframework.web.client.RestTemplate.exchange(RestTemplate.java:608)
	at blackboard.plugin.updates.connection.CloudRestClientImpl.lambda$exchange$0(CloudRestClientImpl.java:271)
	... 8 common frames omitted
ERROR[2025-09-16 09:28:00][485:c.b.c.core.web.rest.LtiRedirector             ] : Exception occurred in checkVersion: 
java.lang.NullPointerException: null
ERROR[2025-09-16 09:28:00][1529:c.b.c.ccsc.service.impl.ProfileClient        ] : cloud exception
blackboard.plugin.cloud.ext.connection.CloudClientException: An error occurred during a GET request to /v1/ccsc/api/applications/null/associations/ce9bb794-b5f4-482a-9699-e3c5a730ed38.
	at blackboard.plugin.updates.connection.CloudRestClientImpl.lambda$exchange$0(CloudRestClientImpl.java:290)
	at java.base/java.security.AccessController.doPrivileged(Native Method)
	at blackboard.plugin.updates.connection.CloudRestClientImpl.exchange(CloudRestClientImpl.java:262)
	at blackboard.plugin.updates.connection.CloudRestClientImpl.exchange(CloudRestClientImpl.java:253)
	at com.blackboard.consulting.ccsc.service.impl.ProfileClient.doRestOp(ProfileClient.java:1524)
	at com.blackboard.consulting.ccsc.service.impl.ProfileClient.getAssociationV1V2(ProfileClient.java:763)
	at com.blackboard.consulting.gradejourney.job.GradesExtractJob.execute(GradesExtractJob.java:54)
	at org.quartz.core.JobRunShell.run(JobRunShell.java:202)
	at org.quartz.simpl.SimpleThreadPool$WorkerThread.run(SimpleThreadPool.java:573)
Caused by: org.springframework.web.client.HttpClientErrorException$NotFound: 404 Not Found: "{"status":404,"code":"ApplicationNotFoundException","message":"No application identified by 'null' was found or given version is not available for given application"}"
	at org.springframework.web.client.HttpClientErrorException.create(HttpClientErrorException.java:113)
	at org.springframework.web.client.DefaultResponseErrorHandler.handleError(DefaultResponseErrorHandler.java:168)
	at org.springframework.web.client.DefaultResponseErrorHandler.handleError(DefaultResponseErrorHandler.java:122)
	at blackboard.plugin.updates.connection.CloudClientResponseErrorHandler.handleError(CloudClientResponseErrorHandler.java:86)
	at org.springframework.web.client.ResponseErrorHandler.handleError(ResponseErrorHandler.java:63)
	at org.springframework.web.client.RestTemplate.handleResponse(RestTemplate.java:825)
	at org.springframework.web.client.RestTemplate.doExecute(RestTemplate.java:783)
	at org.springframework.web.client.RestTemplate.execute(RestTemplate.java:717)
	at org.springframework.web.client.RestTemplate.exchange(RestTemplate.java:608)
	at blackboard.plugin.updates.connection.CloudRestClientImpl.lambda$exchange$0(CloudRestClientImpl.java:271)
	... 8 common frames omitted
ERROR[2025-09-16 09:28:00][85:c.b.c.gradejourney.job.GradesExtractJob        ] : Error Loading the settings
java.lang.NullPointerException: null
	at com.blackboard.consulting.gradejourney.service.impl.GradesJourneySettingsServiceImpl.loadGjSettings(GradesJourneySettingsServiceImpl.java:134)
	at jdk.internal.reflect.GeneratedMethodAccessor734.invoke(Unknown Source)
	at java.base/jdk.internal.reflect.DelegatingMethodAccessorImpl.invoke(DelegatingMethodAccessorImpl.java:43)
	at java.base/java.lang.reflect.Method.invoke(Method.java:566)
	at org.springframework.aop.support.AopUtils.invokeJoinpointUsingReflection(AopUtils.java:344)
	at org.springframework.aop.framework.JdkDynamicAopProxy.invoke(JdkDynamicAopProxy.java:208)
	at com.sun.proxy.$Proxy2474.loadGjSettings(Unknown Source)
	at com.blackboard.consulting.gradejourney.job.GradesExtractJob.execute(GradesExtractJob.java:55)
	at org.quartz.core.JobRunShell.run(JobRunShell.java:202)
	at org.quartz.simpl.SimpleThreadPool$WorkerThread.run(SimpleThreadPool.java:573)
INFO [2025-09-16 09:30:00][46:c.b.c.gradejourney.job.GradesExtractJob        ] : == Entering execute() of Job CronGJExtract.CronGJExtractJob ==
ERROR[2025-09-16 09:30:00][485:c.b.c.core.web.rest.LtiRedirector             ] : Exception occurred in checkVersion: 
java.lang.NullPointerException: null
INFO [2025-09-16 09:30:00][844:c.b.c.ccsc.service.impl.ProfileClient         ] : Param : RedirectParam [isV2=false, signJwt=null, url=null, extId=null]
ERROR[2025-09-16 09:30:00][1529:c.b.c.ccsc.service.impl.ProfileClient        ] : cloud exception
blackboard.plugin.cloud.ext.connection.CloudClientException: An error occurred during a GET request to /v1/ccsc/api/applications/null.
	at blackboard.plugin.updates.connection.CloudRestClientImpl.lambda$exchange$0(CloudRestClientImpl.java:290)
	at java.base/java.security.AccessController.doPrivileged(Native Method)
	at blackboard.plugin.updates.connection.CloudRestClientImpl.exchange(CloudRestClientImpl.java:262)
	at blackboard.plugin.updates.connection.CloudRestClientImpl.exchange(CloudRestClientImpl.java:253)
	at com.blackboard.consulting.ccsc.service.impl.ProfileClient.doRestOp(ProfileClient.java:1524)
	at com.blackboard.consulting.ccsc.service.impl.ProfileClient.getApplicationV1V2(ProfileClient.java:849)
	at com.blackboard.consulting.gradejourney.job.GradesExtractJob.execute(GradesExtractJob.java:53)
	at org.quartz.core.JobRunShell.run(JobRunShell.java:202)
	at org.quartz.simpl.SimpleThreadPool$WorkerThread.run(SimpleThreadPool.java:573)
Caused by: org.springframework.web.client.HttpClientErrorException$NotFound: 404 Not Found: "{"status":404,"code":"ApplicationNotFoundException","message":"No application identified by 'null' was found or given version is not available for given application"}"
	at org.springframework.web.client.HttpClientErrorException.create(HttpClientErrorException.java:113)
	at org.springframework.web.client.DefaultResponseErrorHandler.handleError(DefaultResponseErrorHandler.java:168)
	at org.springframework.web.client.DefaultResponseErrorHandler.handleError(DefaultResponseErrorHandler.java:122)
	at blackboard.plugin.updates.connection.CloudClientResponseErrorHandler.handleError(CloudClientResponseErrorHandler.java:86)
	at org.springframework.web.client.ResponseErrorHandler.handleError(ResponseErrorHandler.java:63)
	at org.springframework.web.client.RestTemplate.handleResponse(RestTemplate.java:825)
	at org.springframework.web.client.RestTemplate.doExecute(RestTemplate.java:783)
	at org.springframework.web.client.RestTemplate.execute(RestTemplate.java:717)
	at org.springframework.web.client.RestTemplate.exchange(RestTemplate.java:608)
	at blackboard.plugin.updates.connection.CloudRestClientImpl.lambda$exchange$0(CloudRestClientImpl.java:271)
	... 8 common frames omitted
ERROR[2025-09-16 09:30:00][485:c.b.c.core.web.rest.LtiRedirector             ] : Exception occurred in checkVersion: 
java.lang.NullPointerException: null
ERROR[2025-09-16 09:30:00][1529:c.b.c.ccsc.service.impl.ProfileClient        ] : cloud exception
blackboard.plugin.cloud.ext.connection.CloudClientException: An error occurred during a GET request to /v1/ccsc/api/applications/null/associations/ce9bb794-b5f4-482a-9699-e3c5a730ed38.
	at blackboard.plugin.updates.connection.CloudRestClientImpl.lambda$exchange$0(CloudRestClientImpl.java:290)
	at java.base/java.security.AccessController.doPrivileged(Native Method)
	at blackboard.plugin.updates.connection.CloudRestClientImpl.exchange(CloudRestClientImpl.java:262)
	at blackboard.plugin.updates.connection.CloudRestClientImpl.exchange(CloudRestClientImpl.java:253)
	at com.blackboard.consulting.ccsc.service.impl.ProfileClient.doRestOp(ProfileClient.java:1524)
	at com.blackboard.consulting.ccsc.service.impl.ProfileClient.getAssociationV1V2(ProfileClient.java:763)
	at com.blackboard.consulting.gradejourney.job.GradesExtractJob.execute(GradesExtractJob.java:54)
	at org.quartz.core.JobRunShell.run(JobRunShell.java:202)
	at org.quartz.simpl.SimpleThreadPool$WorkerThread.run(SimpleThreadPool.java:573)
Caused by: org.springframework.web.client.HttpClientErrorException$NotFound: 404 Not Found: "{"status":404,"code":"ApplicationNotFoundException","message":"No application identified by 'null' was found or given version is not available for given application"}"
	at org.springframework.web.client.HttpClientErrorException.create(HttpClientErrorException.java:113)
	at org.springframework.web.client.DefaultResponseErrorHandler.handleError(DefaultResponseErrorHandler.java:168)
	at org.springframework.web.client.DefaultResponseErrorHandler.handleError(DefaultResponseErrorHandler.java:122)
	at blackboard.plugin.updates.connection.CloudClientResponseErrorHandler.handleError(CloudClientResponseErrorHandler.java:86)
	at org.springframework.web.client.ResponseErrorHandler.handleError(ResponseErrorHandler.java:63)
	at org.springframework.web.client.RestTemplate.handleResponse(RestTemplate.java:825)
	at org.springframework.web.client.RestTemplate.doExecute(RestTemplate.java:783)
	at org.springframework.web.client.RestTemplate.execute(RestTemplate.java:717)
	at org.springframework.web.client.RestTemplate.exchange(RestTemplate.java:608)
	at blackboard.plugin.updates.connection.CloudRestClientImpl.lambda$exchange$0(CloudRestClientImpl.java:271)
	... 8 common frames omitted
ERROR[2025-09-16 09:30:00][85:c.b.c.gradejourney.job.GradesExtractJob        ] : Error Loading the settings
java.lang.NullPointerException: null
	at com.blackboard.consulting.gradejourney.service.impl.GradesJourneySettingsServiceImpl.loadGjSettings(GradesJourneySettingsServiceImpl.java:134)
	at jdk.internal.reflect.GeneratedMethodAccessor734.invoke(Unknown Source)
	at java.base/jdk.internal.reflect.DelegatingMethodAccessorImpl.invoke(DelegatingMethodAccessorImpl.java:43)
	at java.base/java.lang.reflect.Method.invoke(Method.java:566)
	at org.springframework.aop.support.AopUtils.invokeJoinpointUsingReflection(AopUtils.java:344)
	at org.springframework.aop.framework.JdkDynamicAopProxy.invoke(JdkDynamicAopProxy.java:208)
	at com.sun.proxy.$Proxy2474.loadGjSettings(Unknown Source)
	at com.blackboard.consulting.gradejourney.job.GradesExtractJob.execute(GradesExtractJob.java:55)
	at org.quartz.core.JobRunShell.run(JobRunShell.java:202)
	at org.quartz.simpl.SimpleThreadPool$WorkerThread.run(SimpleThreadPool.java:573)
INFO [2025-09-16 09:32:00][46:c.b.c.gradejourney.job.GradesExtractJob        ] : == Entering execute() of Job CronGJExtract.CronGJExtractJob ==
ERROR[2025-09-16 09:32:00][485:c.b.c.core.web.rest.LtiRedirector             ] : Exception occurred in checkVersion: 
java.lang.NullPointerException: null
INFO [2025-09-16 09:32:00][844:c.b.c.ccsc.service.impl.ProfileClient         ] : Param : RedirectParam [isV2=false, signJwt=null, url=null, extId=null]
ERROR[2025-09-16 09:32:00][1529:c.b.c.ccsc.service.impl.ProfileClient        ] : cloud exception
blackboard.plugin.cloud.ext.connection.CloudClientException: An error occurred during a GET request to /v1/ccsc/api/applications/null.
	at blackboard.plugin.updates.connection.CloudRestClientImpl.lambda$exchange$0(CloudRestClientImpl.java:290)
	at java.base/java.security.AccessController.doPrivileged(Native Method)
	at blackboard.plugin.updates.connection.CloudRestClientImpl.exchange(CloudRestClientImpl.java:262)
	at blackboard.plugin.updates.connection.CloudRestClientImpl.exchange(CloudRestClientImpl.java:253)
	at com.blackboard.consulting.ccsc.service.impl.ProfileClient.doRestOp(ProfileClient.java:1524)
	at com.blackboard.consulting.ccsc.service.impl.ProfileClient.getApplicationV1V2(ProfileClient.java:849)
	at com.blackboard.consulting.gradejourney.job.GradesExtractJob.execute(GradesExtractJob.java:53)
	at org.quartz.core.JobRunShell.run(JobRunShell.java:202)
	at org.quartz.simpl.SimpleThreadPool$WorkerThread.run(SimpleThreadPool.java:573)
Caused by: org.springframework.web.client.HttpClientErrorException$NotFound: 404 Not Found: "{"status":404,"code":"ApplicationNotFoundException","message":"No application identified by 'null' was found or given version is not available for given application"}"
	at org.springframework.web.client.HttpClientErrorException.create(HttpClientErrorException.java:113)
	at org.springframework.web.client.DefaultResponseErrorHandler.handleError(DefaultResponseErrorHandler.java:168)
	at org.springframework.web.client.DefaultResponseErrorHandler.handleError(DefaultResponseErrorHandler.java:122)
	at blackboard.plugin.updates.connection.CloudClientResponseErrorHandler.handleError(CloudClientResponseErrorHandler.java:86)
	at org.springframework.web.client.ResponseErrorHandler.handleError(ResponseErrorHandler.java:63)
	at org.springframework.web.client.RestTemplate.handleResponse(RestTemplate.java:825)
	at org.springframework.web.client.RestTemplate.doExecute(RestTemplate.java:783)
	at org.springframework.web.client.RestTemplate.execute(RestTemplate.java:717)
	at org.springframework.web.client.RestTemplate.exchange(RestTemplate.java:608)
	at blackboard.plugin.updates.connection.CloudRestClientImpl.lambda$exchange$0(CloudRestClientImpl.java:271)
	... 8 common frames omitted
ERROR[2025-09-16 09:32:00][485:c.b.c.core.web.rest.LtiRedirector             ] : Exception occurred in checkVersion: 
java.lang.NullPointerException: null
ERROR[2025-09-16 09:32:00][1529:c.b.c.ccsc.service.impl.ProfileClient        ] : cloud exception
blackboard.plugin.cloud.ext.connection.CloudClientException: An error occurred during a GET request to /v1/ccsc/api/applications/null/associations/ce9bb794-b5f4-482a-9699-e3c5a730ed38.
	at blackboard.plugin.updates.connection.CloudRestClientImpl.lambda$exchange$0(CloudRestClientImpl.java:290)
	at java.base/java.security.AccessController.doPrivileged(Native Method)
	at blackboard.plugin.updates.connection.CloudRestClientImpl.exchange(CloudRestClientImpl.java:262)
	at blackboard.plugin.updates.connection.CloudRestClientImpl.exchange(CloudRestClientImpl.java:253)
	at com.blackboard.consulting.ccsc.service.impl.ProfileClient.doRestOp(ProfileClient.java:1524)
	at com.blackboard.consulting.ccsc.service.impl.ProfileClient.getAssociationV1V2(ProfileClient.java:763)
	at com.blackboard.consulting.gradejourney.job.GradesExtractJob.execute(GradesExtractJob.java:54)
	at org.quartz.core.JobRunShell.run(JobRunShell.java:202)
	at org.quartz.simpl.SimpleThreadPool$WorkerThread.run(SimpleThreadPool.java:573)
Caused by: org.springframework.web.client.HttpClientErrorException$NotFound: 404 Not Found: "{"status":404,"code":"ApplicationNotFoundException","message":"No application identified by 'null' was found or given version is not available for given application"}"
	at org.springframework.web.client.HttpClientErrorException.create(HttpClientErrorException.java:113)
	at org.springframework.web.client.DefaultResponseErrorHandler.handleError(DefaultResponseErrorHandler.java:168)
	at org.springframework.web.client.DefaultResponseErrorHandler.handleError(DefaultResponseErrorHandler.java:122)
	at blackboard.plugin.updates.connection.CloudClientResponseErrorHandler.handleError(CloudClientResponseErrorHandler.java:86)
	at org.springframework.web.client.ResponseErrorHandler.handleError(ResponseErrorHandler.java:63)
	at org.springframework.web.client.RestTemplate.handleResponse(RestTemplate.java:825)
	at org.springframework.web.client.RestTemplate.doExecute(RestTemplate.java:783)
	at org.springframework.web.client.RestTemplate.execute(RestTemplate.java:717)
	at org.springframework.web.client.RestTemplate.exchange(RestTemplate.java:608)
	at blackboard.plugin.updates.connection.CloudRestClientImpl.lambda$exchange$0(CloudRestClientImpl.java:271)
	... 8 common frames omitted
ERROR[2025-09-16 09:32:00][85:c.b.c.gradejourney.job.GradesExtractJob        ] : Error Loading the settings
java.lang.NullPointerException: null
	at com.blackboard.consulting.gradejourney.service.impl.GradesJourneySettingsServiceImpl.loadGjSettings(GradesJourneySettingsServiceImpl.java:134)
	at jdk.internal.reflect.GeneratedMethodAccessor734.invoke(Unknown Source)
	at java.base/jdk.internal.reflect.DelegatingMethodAccessorImpl.invoke(DelegatingMethodAccessorImpl.java:43)
	at java.base/java.lang.reflect.Method.invoke(Method.java:566)
	at org.springframework.aop.support.AopUtils.invokeJoinpointUsingReflection(AopUtils.java:344)
	at org.springframework.aop.framework.JdkDynamicAopProxy.invoke(JdkDynamicAopProxy.java:208)
	at com.sun.proxy.$Proxy2474.loadGjSettings(Unknown Source)
	at com.blackboard.consulting.gradejourney.job.GradesExtractJob.execute(GradesExtractJob.java:55)
	at org.quartz.core.JobRunShell.run(JobRunShell.java:202)
	at org.quartz.simpl.SimpleThreadPool$WorkerThread.run(SimpleThreadPool.java:573)
INFO [2025-09-16 09:34:00][46:c.b.c.gradejourney.job.GradesExtractJob        ] : == Entering execute() of Job CronGJExtract.CronGJExtractJob ==
ERROR[2025-09-16 09:34:00][485:c.b.c.core.web.rest.LtiRedirector             ] : Exception occurred in checkVersion: 
java.lang.NullPointerException: null
INFO [2025-09-16 09:34:00][844:c.b.c.ccsc.service.impl.ProfileClient         ] : Param : RedirectParam [isV2=false, signJwt=null, url=null, extId=null]
ERROR[2025-09-16 09:34:00][1529:c.b.c.ccsc.service.impl.ProfileClient        ] : cloud exception
blackboard.plugin.cloud.ext.connection.CloudClientException: An error occurred during a GET request to /v1/ccsc/api/applications/null.
	at blackboard.plugin.updates.connection.CloudRestClientImpl.lambda$exchange$0(CloudRestClientImpl.java:290)
	at java.base/java.security.AccessController.doPrivileged(Native Method)
	at blackboard.plugin.updates.connection.CloudRestClientImpl.exchange(CloudRestClientImpl.java:262)
	at blackboard.plugin.updates.connection.CloudRestClientImpl.exchange(CloudRestClientImpl.java:253)
	at com.blackboard.consulting.ccsc.service.impl.ProfileClient.doRestOp(ProfileClient.java:1524)
	at com.blackboard.consulting.ccsc.service.impl.ProfileClient.getApplicationV1V2(ProfileClient.java:849)
	at com.blackboard.consulting.gradejourney.job.GradesExtractJob.execute(GradesExtractJob.java:53)
	at org.quartz.core.JobRunShell.run(JobRunShell.java:202)
	at org.quartz.simpl.SimpleThreadPool$WorkerThread.run(SimpleThreadPool.java:573)
Caused by: org.springframework.web.client.HttpClientErrorException$NotFound: 404 Not Found: "{"status":404,"code":"ApplicationNotFoundException","message":"No application identified by 'null' was found or given version is not available for given application"}"
	at org.springframework.web.client.HttpClientErrorException.create(HttpClientErrorException.java:113)
	at org.springframework.web.client.DefaultResponseErrorHandler.handleError(DefaultResponseErrorHandler.java:168)
	at org.springframework.web.client.DefaultResponseErrorHandler.handleError(DefaultResponseErrorHandler.java:122)
	at blackboard.plugin.updates.connection.CloudClientResponseErrorHandler.handleError(CloudClientResponseErrorHandler.java:86)
	at org.springframework.web.client.ResponseErrorHandler.handleError(ResponseErrorHandler.java:63)
	at org.springframework.web.client.RestTemplate.handleResponse(RestTemplate.java:825)
	at org.springframework.web.client.RestTemplate.doExecute(RestTemplate.java:783)
	at org.springframework.web.client.RestTemplate.execute(RestTemplate.java:717)
	at org.springframework.web.client.RestTemplate.exchange(RestTemplate.java:608)
	at blackboard.plugin.updates.connection.CloudRestClientImpl.lambda$exchange$0(CloudRestClientImpl.java:271)
	... 8 common frames omitted
ERROR[2025-09-16 09:34:00][485:c.b.c.core.web.rest.LtiRedirector             ] : Exception occurred in checkVersion: 
java.lang.NullPointerException: null
ERROR[2025-09-16 09:34:00][1529:c.b.c.ccsc.service.impl.ProfileClient        ] : cloud exception
blackboard.plugin.cloud.ext.connection.CloudClientException: An error occurred during a GET request to /v1/ccsc/api/applications/null/associations/ce9bb794-b5f4-482a-9699-e3c5a730ed38.
	at blackboard.plugin.updates.connection.CloudRestClientImpl.lambda$exchange$0(CloudRestClientImpl.java:290)
	at java.base/java.security.AccessController.doPrivileged(Native Method)
	at blackboard.plugin.updates.connection.CloudRestClientImpl.exchange(CloudRestClientImpl.java:262)
	at blackboard.plugin.updates.connection.CloudRestClientImpl.exchange(CloudRestClientImpl.java:253)
	at com.blackboard.consulting.ccsc.service.impl.ProfileClient.doRestOp(ProfileClient.java:1524)
	at com.blackboard.consulting.ccsc.service.impl.ProfileClient.getAssociationV1V2(ProfileClient.java:763)
	at com.blackboard.consulting.gradejourney.job.GradesExtractJob.execute(GradesExtractJob.java:54)
	at org.quartz.core.JobRunShell.run(JobRunShell.java:202)
	at org.quartz.simpl.SimpleThreadPool$WorkerThread.run(SimpleThreadPool.java:573)
Caused by: org.springframework.web.client.HttpClientErrorException$NotFound: 404 Not Found: "{"status":404,"code":"ApplicationNotFoundException","message":"No application identified by 'null' was found or given version is not available for given application"}"
	at org.springframework.web.client.HttpClientErrorException.create(HttpClientErrorException.java:113)
	at org.springframework.web.client.DefaultResponseErrorHandler.handleError(DefaultResponseErrorHandler.java:168)
	at org.springframework.web.client.DefaultResponseErrorHandler.handleError(DefaultResponseErrorHandler.java:122)
	at blackboard.plugin.updates.connection.CloudClientResponseErrorHandler.handleError(CloudClientResponseErrorHandler.java:86)
	at org.springframework.web.client.ResponseErrorHandler.handleError(ResponseErrorHandler.java:63)
	at org.springframework.web.client.RestTemplate.handleResponse(RestTemplate.java:825)
	at org.springframework.web.client.RestTemplate.doExecute(RestTemplate.java:783)
	at org.springframework.web.client.RestTemplate.execute(RestTemplate.java:717)
	at org.springframework.web.client.RestTemplate.exchange(RestTemplate.java:608)
	at blackboard.plugin.updates.connection.CloudRestClientImpl.lambda$exchange$0(CloudRestClientImpl.java:271)
	... 8 common frames omitted
ERROR[2025-09-16 09:34:00][85:c.b.c.gradejourney.job.GradesExtractJob        ] : Error Loading the settings
java.lang.NullPointerException: null
	at com.blackboard.consulting.gradejourney.service.impl.GradesJourneySettingsServiceImpl.loadGjSettings(GradesJourneySettingsServiceImpl.java:134)
	at jdk.internal.reflect.GeneratedMethodAccessor734.invoke(Unknown Source)
	at java.base/jdk.internal.reflect.DelegatingMethodAccessorImpl.invoke(DelegatingMethodAccessorImpl.java:43)
	at java.base/java.lang.reflect.Method.invoke(Method.java:566)
	at org.springframework.aop.support.AopUtils.invokeJoinpointUsingReflection(AopUtils.java:344)
	at org.springframework.aop.framework.JdkDynamicAopProxy.invoke(JdkDynamicAopProxy.java:208)
	at com.sun.proxy.$Proxy2474.loadGjSettings(Unknown Source)
	at com.blackboard.consulting.gradejourney.job.GradesExtractJob.execute(GradesExtractJob.java:55)
	at org.quartz.core.JobRunShell.run(JobRunShell.java:202)
	at org.quartz.simpl.SimpleThreadPool$WorkerThread.run(SimpleThreadPool.java:573)
INFO [2025-09-16 09:36:00][46:c.b.c.gradejourney.job.GradesExtractJob        ] : == Entering execute() of Job CronGJExtract.CronGJExtractJob ==
ERROR[2025-09-16 09:36:00][485:c.b.c.core.web.rest.LtiRedirector             ] : Exception occurred in checkVersion: 
java.lang.NullPointerException: null
INFO [2025-09-16 09:36:00][844:c.b.c.ccsc.service.impl.ProfileClient         ] : Param : RedirectParam [isV2=false, signJwt=null, url=null, extId=null]
ERROR[2025-09-16 09:36:00][1529:c.b.c.ccsc.service.impl.ProfileClient        ] : cloud exception
blackboard.plugin.cloud.ext.connection.CloudClientException: An error occurred during a GET request to /v1/ccsc/api/applications/null.
	at blackboard.plugin.updates.connection.CloudRestClientImpl.lambda$exchange$0(CloudRestClientImpl.java:290)
	at java.base/java.security.AccessController.doPrivileged(Native Method)
	at blackboard.plugin.updates.connection.CloudRestClientImpl.exchange(CloudRestClientImpl.java:262)
	at blackboard.plugin.updates.connection.CloudRestClientImpl.exchange(CloudRestClientImpl.java:253)
	at com.blackboard.consulting.ccsc.service.impl.ProfileClient.doRestOp(ProfileClient.java:1524)
	at com.blackboard.consulting.ccsc.service.impl.ProfileClient.getApplicationV1V2(ProfileClient.java:849)
	at com.blackboard.consulting.gradejourney.job.GradesExtractJob.execute(GradesExtractJob.java:53)
	at org.quartz.core.JobRunShell.run(JobRunShell.java:202)
	at org.quartz.simpl.SimpleThreadPool$WorkerThread.run(SimpleThreadPool.java:573)
Caused by: org.springframework.web.client.HttpClientErrorException$NotFound: 404 Not Found: "{"status":404,"code":"ApplicationNotFoundException","message":"No application identified by 'null' was found or given version is not available for given application"}"
	at org.springframework.web.client.HttpClientErrorException.create(HttpClientErrorException.java:113)
	at org.springframework.web.client.DefaultResponseErrorHandler.handleError(DefaultResponseErrorHandler.java:168)
	at org.springframework.web.client.DefaultResponseErrorHandler.handleError(DefaultResponseErrorHandler.java:122)
	at blackboard.plugin.updates.connection.CloudClientResponseErrorHandler.handleError(CloudClientResponseErrorHandler.java:86)
	at org.springframework.web.client.ResponseErrorHandler.handleError(ResponseErrorHandler.java:63)
	at org.springframework.web.client.RestTemplate.handleResponse(RestTemplate.java:825)
	at org.springframework.web.client.RestTemplate.doExecute(RestTemplate.java:783)
	at org.springframework.web.client.RestTemplate.execute(RestTemplate.java:717)
	at org.springframework.web.client.RestTemplate.exchange(RestTemplate.java:608)
	at blackboard.plugin.updates.connection.CloudRestClientImpl.lambda$exchange$0(CloudRestClientImpl.java:271)
	... 8 common frames omitted
ERROR[2025-09-16 09:36:00][485:c.b.c.core.web.rest.LtiRedirector             ] : Exception occurred in checkVersion: 
java.lang.NullPointerException: null
ERROR[2025-09-16 09:36:00][1529:c.b.c.ccsc.service.impl.ProfileClient        ] : cloud exception
blackboard.plugin.cloud.ext.connection.CloudClientException: An error occurred during a GET request to /v1/ccsc/api/applications/null/associations/ce9bb794-b5f4-482a-9699-e3c5a730ed38.
	at blackboard.plugin.updates.connection.CloudRestClientImpl.lambda$exchange$0(CloudRestClientImpl.java:290)
	at java.base/java.security.AccessController.doPrivileged(Native Method)
	at blackboard.plugin.updates.connection.CloudRestClientImpl.exchange(CloudRestClientImpl.java:262)
	at blackboard.plugin.updates.connection.CloudRestClientImpl.exchange(CloudRestClientImpl.java:253)
	at com.blackboard.consulting.ccsc.service.impl.ProfileClient.doRestOp(ProfileClient.java:1524)
	at com.blackboard.consulting.ccsc.service.impl.ProfileClient.getAssociationV1V2(ProfileClient.java:763)
	at com.blackboard.consulting.gradejourney.job.GradesExtractJob.execute(GradesExtractJob.java:54)
	at org.quartz.core.JobRunShell.run(JobRunShell.java:202)
	at org.quartz.simpl.SimpleThreadPool$WorkerThread.run(SimpleThreadPool.java:573)
Caused by: org.springframework.web.client.HttpClientErrorException$NotFound: 404 Not Found: "{"status":404,"code":"ApplicationNotFoundException","message":"No application identified by 'null' was found or given version is not available for given application"}"
	at org.springframework.web.client.HttpClientErrorException.create(HttpClientErrorException.java:113)
	at org.springframework.web.client.DefaultResponseErrorHandler.handleError(DefaultResponseErrorHandler.java:168)
	at org.springframework.web.client.DefaultResponseErrorHandler.handleError(DefaultResponseErrorHandler.java:122)
	at blackboard.plugin.updates.connection.CloudClientResponseErrorHandler.handleError(CloudClientResponseErrorHandler.java:86)
	at org.springframework.web.client.ResponseErrorHandler.handleError(ResponseErrorHandler.java:63)
	at org.springframework.web.client.RestTemplate.handleResponse(RestTemplate.java:825)
	at org.springframework.web.client.RestTemplate.doExecute(RestTemplate.java:783)
	at org.springframework.web.client.RestTemplate.execute(RestTemplate.java:717)
	at org.springframework.web.client.RestTemplate.exchange(RestTemplate.java:608)
	at blackboard.plugin.updates.connection.CloudRestClientImpl.lambda$exchange$0(CloudRestClientImpl.java:271)
	... 8 common frames omitted
ERROR[2025-09-16 09:36:00][85:c.b.c.gradejourney.job.GradesExtractJob        ] : Error Loading the settings
java.lang.NullPointerException: null
	at com.blackboard.consulting.gradejourney.service.impl.GradesJourneySettingsServiceImpl.loadGjSettings(GradesJourneySettingsServiceImpl.java:134)
	at jdk.internal.reflect.GeneratedMethodAccessor734.invoke(Unknown Source)
	at java.base/jdk.internal.reflect.DelegatingMethodAccessorImpl.invoke(DelegatingMethodAccessorImpl.java:43)
	at java.base/java.lang.reflect.Method.invoke(Method.java:566)
	at org.springframework.aop.support.AopUtils.invokeJoinpointUsingReflection(AopUtils.java:344)
	at org.springframework.aop.framework.JdkDynamicAopProxy.invoke(JdkDynamicAopProxy.java:208)
	at com.sun.proxy.$Proxy2474.loadGjSettings(Unknown Source)
	at com.blackboard.consulting.gradejourney.job.GradesExtractJob.execute(GradesExtractJob.java:55)
	at org.quartz.core.JobRunShell.run(JobRunShell.java:202)
	at org.quartz.simpl.SimpleThreadPool$WorkerThread.run(SimpleThreadPool.java:573)
INFO [2025-09-16 09:38:00][46:c.b.c.gradejourney.job.GradesExtractJob        ] : == Entering execute() of Job CronGJExtract.CronGJExtractJob ==
ERROR[2025-09-16 09:38:00][485:c.b.c.core.web.rest.LtiRedirector             ] : Exception occurred in checkVersion: 
java.lang.NullPointerException: null
INFO [2025-09-16 09:38:00][844:c.b.c.ccsc.service.impl.ProfileClient         ] : Param : RedirectParam [isV2=false, signJwt=null, url=null, extId=null]
ERROR[2025-09-16 09:38:00][1529:c.b.c.ccsc.service.impl.ProfileClient        ] : cloud exception
blackboard.plugin.cloud.ext.connection.CloudClientException: An error occurred during a GET request to /v1/ccsc/api/applications/null.
	at blackboard.plugin.updates.connection.CloudRestClientImpl.lambda$exchange$0(CloudRestClientImpl.java:290)
	at java.base/java.security.AccessController.doPrivileged(Native Method)
	at blackboard.plugin.updates.connection.CloudRestClientImpl.exchange(CloudRestClientImpl.java:262)
	at blackboard.plugin.updates.connection.CloudRestClientImpl.exchange(CloudRestClientImpl.java:253)
	at com.blackboard.consulting.ccsc.service.impl.ProfileClient.doRestOp(ProfileClient.java:1524)
	at com.blackboard.consulting.ccsc.service.impl.ProfileClient.getApplicationV1V2(ProfileClient.java:849)
	at com.blackboard.consulting.gradejourney.job.GradesExtractJob.execute(GradesExtractJob.java:53)
	at org.quartz.core.JobRunShell.run(JobRunShell.java:202)
	at org.quartz.simpl.SimpleThreadPool$WorkerThread.run(SimpleThreadPool.java:573)
Caused by: org.springframework.web.client.HttpClientErrorException$NotFound: 404 Not Found: "{"status":404,"code":"ApplicationNotFoundException","message":"No application identified by 'null' was found or given version is not available for given application"}"
	at org.springframework.web.client.HttpClientErrorException.create(HttpClientErrorException.java:113)
	at org.springframework.web.client.DefaultResponseErrorHandler.handleError(DefaultResponseErrorHandler.java:168)
	at org.springframework.web.client.DefaultResponseErrorHandler.handleError(DefaultResponseErrorHandler.java:122)
	at blackboard.plugin.updates.connection.CloudClientResponseErrorHandler.handleError(CloudClientResponseErrorHandler.java:86)
	at org.springframework.web.client.ResponseErrorHandler.handleError(ResponseErrorHandler.java:63)
	at org.springframework.web.client.RestTemplate.handleResponse(RestTemplate.java:825)
	at org.springframework.web.client.RestTemplate.doExecute(RestTemplate.java:783)
	at org.springframework.web.client.RestTemplate.execute(RestTemplate.java:717)
	at org.springframework.web.client.RestTemplate.exchange(RestTemplate.java:608)
	at blackboard.plugin.updates.connection.CloudRestClientImpl.lambda$exchange$0(CloudRestClientImpl.java:271)
	... 8 common frames omitted
ERROR[2025-09-16 09:38:00][485:c.b.c.core.web.rest.LtiRedirector             ] : Exception occurred in checkVersion: 
java.lang.NullPointerException: null
ERROR[2025-09-16 09:38:00][1529:c.b.c.ccsc.service.impl.ProfileClient        ] : cloud exception
blackboard.plugin.cloud.ext.connection.CloudClientException: An error occurred during a GET request to /v1/ccsc/api/applications/null/associations/ce9bb794-b5f4-482a-9699-e3c5a730ed38.
	at blackboard.plugin.updates.connection.CloudRestClientImpl.lambda$exchange$0(CloudRestClientImpl.java:290)
	at java.base/java.security.AccessController.doPrivileged(Native Method)
	at blackboard.plugin.updates.connection.CloudRestClientImpl.exchange(CloudRestClientImpl.java:262)
	at blackboard.plugin.updates.connection.CloudRestClientImpl.exchange(CloudRestClientImpl.java:253)
	at com.blackboard.consulting.ccsc.service.impl.ProfileClient.doRestOp(ProfileClient.java:1524)
	at com.blackboard.consulting.ccsc.service.impl.ProfileClient.getAssociationV1V2(ProfileClient.java:763)
	at com.blackboard.consulting.gradejourney.job.GradesExtractJob.execute(GradesExtractJob.java:54)
	at org.quartz.core.JobRunShell.run(JobRunShell.java:202)
	at org.quartz.simpl.SimpleThreadPool$WorkerThread.run(SimpleThreadPool.java:573)
Caused by: org.springframework.web.client.HttpClientErrorException$NotFound: 404 Not Found: "{"status":404,"code":"ApplicationNotFoundException","message":"No application identified by 'null' was found or given version is not available for given application"}"
	at org.springframework.web.client.HttpClientErrorException.create(HttpClientErrorException.java:113)
	at org.springframework.web.client.DefaultResponseErrorHandler.handleError(DefaultResponseErrorHandler.java:168)
	at org.springframework.web.client.DefaultResponseErrorHandler.handleError(DefaultResponseErrorHandler.java:122)
	at blackboard.plugin.updates.connection.CloudClientResponseErrorHandler.handleError(CloudClientResponseErrorHandler.java:86)
	at org.springframework.web.client.ResponseErrorHandler.handleError(ResponseErrorHandler.java:63)
	at org.springframework.web.client.RestTemplate.handleResponse(RestTemplate.java:825)
	at org.springframework.web.client.RestTemplate.doExecute(RestTemplate.java:783)
	at org.springframework.web.client.RestTemplate.execute(RestTemplate.java:717)
	at org.springframework.web.client.RestTemplate.exchange(RestTemplate.java:608)
	at blackboard.plugin.updates.connection.CloudRestClientImpl.lambda$exchange$0(CloudRestClientImpl.java:271)
	... 8 common frames omitted
ERROR[2025-09-16 09:38:00][85:c.b.c.gradejourney.job.GradesExtractJob        ] : Error Loading the settings
java.lang.NullPointerException: null
	at com.blackboard.consulting.gradejourney.service.impl.GradesJourneySettingsServiceImpl.loadGjSettings(GradesJourneySettingsServiceImpl.java:134)
	at jdk.internal.reflect.GeneratedMethodAccessor734.invoke(Unknown Source)
	at java.base/jdk.internal.reflect.DelegatingMethodAccessorImpl.invoke(DelegatingMethodAccessorImpl.java:43)
	at java.base/java.lang.reflect.Method.invoke(Method.java:566)
	at org.springframework.aop.support.AopUtils.invokeJoinpointUsingReflection(AopUtils.java:344)
	at org.springframework.aop.framework.JdkDynamicAopProxy.invoke(JdkDynamicAopProxy.java:208)
	at com.sun.proxy.$Proxy2474.loadGjSettings(Unknown Source)
	at com.blackboard.consulting.gradejourney.job.GradesExtractJob.execute(GradesExtractJob.java:55)
	at org.quartz.core.JobRunShell.run(JobRunShell.java:202)
	at org.quartz.simpl.SimpleThreadPool$WorkerThread.run(SimpleThreadPool.java:573)
INFO [2025-09-16 09:40:00][46:c.b.c.gradejourney.job.GradesExtractJob        ] : == Entering execute() of Job CronGJExtract.CronGJExtractJob ==
ERROR[2025-09-16 09:40:00][485:c.b.c.core.web.rest.LtiRedirector             ] : Exception occurred in checkVersion: 
java.lang.NullPointerException: null
INFO [2025-09-16 09:40:00][844:c.b.c.ccsc.service.impl.ProfileClient         ] : Param : RedirectParam [isV2=false, signJwt=null, url=null, extId=null]
ERROR[2025-09-16 09:40:00][1529:c.b.c.ccsc.service.impl.ProfileClient        ] : cloud exception
blackboard.plugin.cloud.ext.connection.CloudClientException: An error occurred during a GET request to /v1/ccsc/api/applications/null.
	at blackboard.plugin.updates.connection.CloudRestClientImpl.lambda$exchange$0(CloudRestClientImpl.java:290)
	at java.base/java.security.AccessController.doPrivileged(Native Method)
	at blackboard.plugin.updates.connection.CloudRestClientImpl.exchange(CloudRestClientImpl.java:262)
	at blackboard.plugin.updates.connection.CloudRestClientImpl.exchange(CloudRestClientImpl.java:253)
	at com.blackboard.consulting.ccsc.service.impl.ProfileClient.doRestOp(ProfileClient.java:1524)
	at com.blackboard.consulting.ccsc.service.impl.ProfileClient.getApplicationV1V2(ProfileClient.java:849)
	at com.blackboard.consulting.gradejourney.job.GradesExtractJob.execute(GradesExtractJob.java:53)
	at org.quartz.core.JobRunShell.run(JobRunShell.java:202)
	at org.quartz.simpl.SimpleThreadPool$WorkerThread.run(SimpleThreadPool.java:573)
Caused by: org.springframework.web.client.HttpClientErrorException$NotFound: 404 Not Found: "{"status":404,"code":"ApplicationNotFoundException","message":"No application identified by 'null' was found or given version is not available for given application"}"
	at org.springframework.web.client.HttpClientErrorException.create(HttpClientErrorException.java:113)
	at org.springframework.web.client.DefaultResponseErrorHandler.handleError(DefaultResponseErrorHandler.java:168)
	at org.springframework.web.client.DefaultResponseErrorHandler.handleError(DefaultResponseErrorHandler.java:122)
	at blackboard.plugin.updates.connection.CloudClientResponseErrorHandler.handleError(CloudClientResponseErrorHandler.java:86)
	at org.springframework.web.client.ResponseErrorHandler.handleError(ResponseErrorHandler.java:63)
	at org.springframework.web.client.RestTemplate.handleResponse(RestTemplate.java:825)
	at org.springframework.web.client.RestTemplate.doExecute(RestTemplate.java:783)
	at org.springframework.web.client.RestTemplate.execute(RestTemplate.java:717)
	at org.springframework.web.client.RestTemplate.exchange(RestTemplate.java:608)
	at blackboard.plugin.updates.connection.CloudRestClientImpl.lambda$exchange$0(CloudRestClientImpl.java:271)
	... 8 common frames omitted
ERROR[2025-09-16 09:40:00][485:c.b.c.core.web.rest.LtiRedirector             ] : Exception occurred in checkVersion: 
java.lang.NullPointerException: null
ERROR[2025-09-16 09:40:00][1529:c.b.c.ccsc.service.impl.ProfileClient        ] : cloud exception
blackboard.plugin.cloud.ext.connection.CloudClientException: An error occurred during a GET request to /v1/ccsc/api/applications/null/associations/ce9bb794-b5f4-482a-9699-e3c5a730ed38.
	at blackboard.plugin.updates.connection.CloudRestClientImpl.lambda$exchange$0(CloudRestClientImpl.java:290)
	at java.base/java.security.AccessController.doPrivileged(Native Method)
	at blackboard.plugin.updates.connection.CloudRestClientImpl.exchange(CloudRestClientImpl.java:262)
	at blackboard.plugin.updates.connection.CloudRestClientImpl.exchange(CloudRestClientImpl.java:253)
	at com.blackboard.consulting.ccsc.service.impl.ProfileClient.doRestOp(ProfileClient.java:1524)
	at com.blackboard.consulting.ccsc.service.impl.ProfileClient.getAssociationV1V2(ProfileClient.java:763)
	at com.blackboard.consulting.gradejourney.job.GradesExtractJob.execute(GradesExtractJob.java:54)
	at org.quartz.core.JobRunShell.run(JobRunShell.java:202)
	at org.quartz.simpl.SimpleThreadPool$WorkerThread.run(SimpleThreadPool.java:573)
Caused by: org.springframework.web.client.HttpClientErrorException$NotFound: 404 Not Found: "{"status":404,"code":"ApplicationNotFoundException","message":"No application identified by 'null' was found or given version is not available for given application"}"
	at org.springframework.web.client.HttpClientErrorException.create(HttpClientErrorException.java:113)
	at org.springframework.web.client.DefaultResponseErrorHandler.handleError(DefaultResponseErrorHandler.java:168)
	at org.springframework.web.client.DefaultResponseErrorHandler.handleError(DefaultResponseErrorHandler.java:122)
	at blackboard.plugin.updates.connection.CloudClientResponseErrorHandler.handleError(CloudClientResponseErrorHandler.java:86)
	at org.springframework.web.client.ResponseErrorHandler.handleError(ResponseErrorHandler.java:63)
	at org.springframework.web.client.RestTemplate.handleResponse(RestTemplate.java:825)
	at org.springframework.web.client.RestTemplate.doExecute(RestTemplate.java:783)
	at org.springframework.web.client.RestTemplate.execute(RestTemplate.java:717)
	at org.springframework.web.client.RestTemplate.exchange(RestTemplate.java:608)
	at blackboard.plugin.updates.connection.CloudRestClientImpl.lambda$exchange$0(CloudRestClientImpl.java:271)
	... 8 common frames omitted
ERROR[2025-09-16 09:40:00][85:c.b.c.gradejourney.job.GradesExtractJob        ] : Error Loading the settings
java.lang.NullPointerException: null
	at com.blackboard.consulting.gradejourney.service.impl.GradesJourneySettingsServiceImpl.loadGjSettings(GradesJourneySettingsServiceImpl.java:134)
	at jdk.internal.reflect.GeneratedMethodAccessor734.invoke(Unknown Source)
	at java.base/jdk.internal.reflect.DelegatingMethodAccessorImpl.invoke(DelegatingMethodAccessorImpl.java:43)
	at java.base/java.lang.reflect.Method.invoke(Method.java:566)
	at org.springframework.aop.support.AopUtils.invokeJoinpointUsingReflection(AopUtils.java:344)
	at org.springframework.aop.framework.JdkDynamicAopProxy.invoke(JdkDynamicAopProxy.java:208)
	at com.sun.proxy.$Proxy2474.loadGjSettings(Unknown Source)
	at com.blackboard.consulting.gradejourney.job.GradesExtractJob.execute(GradesExtractJob.java:55)
	at org.quartz.core.JobRunShell.run(JobRunShell.java:202)
	at org.quartz.simpl.SimpleThreadPool$WorkerThread.run(SimpleThreadPool.java:573)
INFO [2025-09-16 09:42:00][46:c.b.c.gradejourney.job.GradesExtractJob        ] : == Entering execute() of Job CronGJExtract.CronGJExtractJob ==
ERROR[2025-09-16 09:42:00][485:c.b.c.core.web.rest.LtiRedirector             ] : Exception occurred in checkVersion: 
java.lang.NullPointerException: null
INFO [2025-09-16 09:42:00][844:c.b.c.ccsc.service.impl.ProfileClient         ] : Param : RedirectParam [isV2=false, signJwt=null, url=null, extId=null]
ERROR[2025-09-16 09:42:00][1529:c.b.c.ccsc.service.impl.ProfileClient        ] : cloud exception
blackboard.plugin.cloud.ext.connection.CloudClientException: An error occurred during a GET request to /v1/ccsc/api/applications/null.
	at blackboard.plugin.updates.connection.CloudRestClientImpl.lambda$exchange$0(CloudRestClientImpl.java:290)
	at java.base/java.security.AccessController.doPrivileged(Native Method)
	at blackboard.plugin.updates.connection.CloudRestClientImpl.exchange(CloudRestClientImpl.java:262)
	at blackboard.plugin.updates.connection.CloudRestClientImpl.exchange(CloudRestClientImpl.java:253)
	at com.blackboard.consulting.ccsc.service.impl.ProfileClient.doRestOp(ProfileClient.java:1524)
	at com.blackboard.consulting.ccsc.service.impl.ProfileClient.getApplicationV1V2(ProfileClient.java:849)
	at com.blackboard.consulting.gradejourney.job.GradesExtractJob.execute(GradesExtractJob.java:53)
	at org.quartz.core.JobRunShell.run(JobRunShell.java:202)
	at org.quartz.simpl.SimpleThreadPool$WorkerThread.run(SimpleThreadPool.java:573)
Caused by: org.springframework.web.client.HttpClientErrorException$NotFound: 404 Not Found: "{"status":404,"code":"ApplicationNotFoundException","message":"No application identified by 'null' was found or given version is not available for given application"}"
	at org.springframework.web.client.HttpClientErrorException.create(HttpClientErrorException.java:113)
	at org.springframework.web.client.DefaultResponseErrorHandler.handleError(DefaultResponseErrorHandler.java:168)
	at org.springframework.web.client.DefaultResponseErrorHandler.handleError(DefaultResponseErrorHandler.java:122)
	at blackboard.plugin.updates.connection.CloudClientResponseErrorHandler.handleError(CloudClientResponseErrorHandler.java:86)
	at org.springframework.web.client.ResponseErrorHandler.handleError(ResponseErrorHandler.java:63)
	at org.springframework.web.client.RestTemplate.handleResponse(RestTemplate.java:825)
	at org.springframework.web.client.RestTemplate.doExecute(RestTemplate.java:783)
	at org.springframework.web.client.RestTemplate.execute(RestTemplate.java:717)
	at org.springframework.web.client.RestTemplate.exchange(RestTemplate.java:608)
	at blackboard.plugin.updates.connection.CloudRestClientImpl.lambda$exchange$0(CloudRestClientImpl.java:271)
	... 8 common frames omitted
ERROR[2025-09-16 09:42:00][485:c.b.c.core.web.rest.LtiRedirector             ] : Exception occurred in checkVersion: 
java.lang.NullPointerException: null
ERROR[2025-09-16 09:42:00][1529:c.b.c.ccsc.service.impl.ProfileClient        ] : cloud exception
blackboard.plugin.cloud.ext.connection.CloudClientException: An error occurred during a GET request to /v1/ccsc/api/applications/null/associations/ce9bb794-b5f4-482a-9699-e3c5a730ed38.
	at blackboard.plugin.updates.connection.CloudRestClientImpl.lambda$exchange$0(CloudRestClientImpl.java:290)
	at java.base/java.security.AccessController.doPrivileged(Native Method)
	at blackboard.plugin.updates.connection.CloudRestClientImpl.exchange(CloudRestClientImpl.java:262)
	at blackboard.plugin.updates.connection.CloudRestClientImpl.exchange(CloudRestClientImpl.java:253)
	at com.blackboard.consulting.ccsc.service.impl.ProfileClient.doRestOp(ProfileClient.java:1524)
	at com.blackboard.consulting.ccsc.service.impl.ProfileClient.getAssociationV1V2(ProfileClient.java:763)
	at com.blackboard.consulting.gradejourney.job.GradesExtractJob.execute(GradesExtractJob.java:54)
	at org.quartz.core.JobRunShell.run(JobRunShell.java:202)
	at org.quartz.simpl.SimpleThreadPool$WorkerThread.run(SimpleThreadPool.java:573)
Caused by: org.springframework.web.client.HttpClientErrorException$NotFound: 404 Not Found: "{"status":404,"code":"ApplicationNotFoundException","message":"No application identified by 'null' was found or given version is not available for given application"}"
	at org.springframework.web.client.HttpClientErrorException.create(HttpClientErrorException.java:113)
	at org.springframework.web.client.DefaultResponseErrorHandler.handleError(DefaultResponseErrorHandler.java:168)
	at org.springframework.web.client.DefaultResponseErrorHandler.handleError(DefaultResponseErrorHandler.java:122)
	at blackboard.plugin.updates.connection.CloudClientResponseErrorHandler.handleError(CloudClientResponseErrorHandler.java:86)
	at org.springframework.web.client.ResponseErrorHandler.handleError(ResponseErrorHandler.java:63)
	at org.springframework.web.client.RestTemplate.handleResponse(RestTemplate.java:825)
	at org.springframework.web.client.RestTemplate.doExecute(RestTemplate.java:783)
	at org.springframework.web.client.RestTemplate.execute(RestTemplate.java:717)
	at org.springframework.web.client.RestTemplate.exchange(RestTemplate.java:608)
	at blackboard.plugin.updates.connection.CloudRestClientImpl.lambda$exchange$0(CloudRestClientImpl.java:271)
	... 8 common frames omitted
ERROR[2025-09-16 09:42:00][85:c.b.c.gradejourney.job.GradesExtractJob        ] : Error Loading the settings
java.lang.NullPointerException: null
	at com.blackboard.consulting.gradejourney.service.impl.GradesJourneySettingsServiceImpl.loadGjSettings(GradesJourneySettingsServiceImpl.java:134)
	at jdk.internal.reflect.GeneratedMethodAccessor734.invoke(Unknown Source)
	at java.base/jdk.internal.reflect.DelegatingMethodAccessorImpl.invoke(DelegatingMethodAccessorImpl.java:43)
	at java.base/java.lang.reflect.Method.invoke(Method.java:566)
	at org.springframework.aop.support.AopUtils.invokeJoinpointUsingReflection(AopUtils.java:344)
	at org.springframework.aop.framework.JdkDynamicAopProxy.invoke(JdkDynamicAopProxy.java:208)
	at com.sun.proxy.$Proxy2474.loadGjSettings(Unknown Source)
	at com.blackboard.consulting.gradejourney.job.GradesExtractJob.execute(GradesExtractJob.java:55)
	at org.quartz.core.JobRunShell.run(JobRunShell.java:202)
	at org.quartz.simpl.SimpleThreadPool$WorkerThread.run(SimpleThreadPool.java:573)
INFO [2025-09-16 09:44:00][46:c.b.c.gradejourney.job.GradesExtractJob        ] : == Entering execute() of Job CronGJExtract.CronGJExtractJob ==
ERROR[2025-09-16 09:44:00][485:c.b.c.core.web.rest.LtiRedirector             ] : Exception occurred in checkVersion: 
java.lang.NullPointerException: null
INFO [2025-09-16 09:44:00][844:c.b.c.ccsc.service.impl.ProfileClient         ] : Param : RedirectParam [isV2=false, signJwt=null, url=null, extId=null]
ERROR[2025-09-16 09:44:00][1529:c.b.c.ccsc.service.impl.ProfileClient        ] : cloud exception
blackboard.plugin.cloud.ext.connection.CloudClientException: An error occurred during a GET request to /v1/ccsc/api/applications/null.
	at blackboard.plugin.updates.connection.CloudRestClientImpl.lambda$exchange$0(CloudRestClientImpl.java:290)
	at java.base/java.security.AccessController.doPrivileged(Native Method)
	at blackboard.plugin.updates.connection.CloudRestClientImpl.exchange(CloudRestClientImpl.java:262)
	at blackboard.plugin.updates.connection.CloudRestClientImpl.exchange(CloudRestClientImpl.java:253)
	at com.blackboard.consulting.ccsc.service.impl.ProfileClient.doRestOp(ProfileClient.java:1524)
	at com.blackboard.consulting.ccsc.service.impl.ProfileClient.getApplicationV1V2(ProfileClient.java:849)
	at com.blackboard.consulting.gradejourney.job.GradesExtractJob.execute(GradesExtractJob.java:53)
	at org.quartz.core.JobRunShell.run(JobRunShell.java:202)
	at org.quartz.simpl.SimpleThreadPool$WorkerThread.run(SimpleThreadPool.java:573)
Caused by: org.springframework.web.client.HttpClientErrorException$NotFound: 404 Not Found: "{"status":404,"code":"ApplicationNotFoundException","message":"No application identified by 'null' was found or given version is not available for given application"}"
	at org.springframework.web.client.HttpClientErrorException.create(HttpClientErrorException.java:113)
	at org.springframework.web.client.DefaultResponseErrorHandler.handleError(DefaultResponseErrorHandler.java:168)
	at org.springframework.web.client.DefaultResponseErrorHandler.handleError(DefaultResponseErrorHandler.java:122)
	at blackboard.plugin.updates.connection.CloudClientResponseErrorHandler.handleError(CloudClientResponseErrorHandler.java:86)
	at org.springframework.web.client.ResponseErrorHandler.handleError(ResponseErrorHandler.java:63)
	at org.springframework.web.client.RestTemplate.handleResponse(RestTemplate.java:825)
	at org.springframework.web.client.RestTemplate.doExecute(RestTemplate.java:783)
	at org.springframework.web.client.RestTemplate.execute(RestTemplate.java:717)
	at org.springframework.web.client.RestTemplate.exchange(RestTemplate.java:608)
	at blackboard.plugin.updates.connection.CloudRestClientImpl.lambda$exchange$0(CloudRestClientImpl.java:271)
	... 8 common frames omitted
ERROR[2025-09-16 09:44:00][485:c.b.c.core.web.rest.LtiRedirector             ] : Exception occurred in checkVersion: 
java.lang.NullPointerException: null
ERROR[2025-09-16 09:44:00][1529:c.b.c.ccsc.service.impl.ProfileClient        ] : cloud exception
blackboard.plugin.cloud.ext.connection.CloudClientException: An error occurred during a GET request to /v1/ccsc/api/applications/null/associations/ce9bb794-b5f4-482a-9699-e3c5a730ed38.
	at blackboard.plugin.updates.connection.CloudRestClientImpl.lambda$exchange$0(CloudRestClientImpl.java:290)
	at java.base/java.security.AccessController.doPrivileged(Native Method)
	at blackboard.plugin.updates.connection.CloudRestClientImpl.exchange(CloudRestClientImpl.java:262)
	at blackboard.plugin.updates.connection.CloudRestClientImpl.exchange(CloudRestClientImpl.java:253)
	at com.blackboard.consulting.ccsc.service.impl.ProfileClient.doRestOp(ProfileClient.java:1524)
	at com.blackboard.consulting.ccsc.service.impl.ProfileClient.getAssociationV1V2(ProfileClient.java:763)
	at com.blackboard.consulting.gradejourney.job.GradesExtractJob.execute(GradesExtractJob.java:54)
	at org.quartz.core.JobRunShell.run(JobRunShell.java:202)
	at org.quartz.simpl.SimpleThreadPool$WorkerThread.run(SimpleThreadPool.java:573)
Caused by: org.springframework.web.client.HttpClientErrorException$NotFound: 404 Not Found: "{"status":404,"code":"ApplicationNotFoundException","message":"No application identified by 'null' was found or given version is not available for given application"}"
	at org.springframework.web.client.HttpClientErrorException.create(HttpClientErrorException.java:113)
	at org.springframework.web.client.DefaultResponseErrorHandler.handleError(DefaultResponseErrorHandler.java:168)
	at org.springframework.web.client.DefaultResponseErrorHandler.handleError(DefaultResponseErrorHandler.java:122)
	at blackboard.plugin.updates.connection.CloudClientResponseErrorHandler.handleError(CloudClientResponseErrorHandler.java:86)
	at org.springframework.web.client.ResponseErrorHandler.handleError(ResponseErrorHandler.java:63)
	at org.springframework.web.client.RestTemplate.handleResponse(RestTemplate.java:825)
	at org.springframework.web.client.RestTemplate.doExecute(RestTemplate.java:783)
	at org.springframework.web.client.RestTemplate.execute(RestTemplate.java:717)
	at org.springframework.web.client.RestTemplate.exchange(RestTemplate.java:608)
	at blackboard.plugin.updates.connection.CloudRestClientImpl.lambda$exchange$0(CloudRestClientImpl.java:271)
	... 8 common frames omitted
ERROR[2025-09-16 09:44:00][85:c.b.c.gradejourney.job.GradesExtractJob        ] : Error Loading the settings
java.lang.NullPointerException: null
	at com.blackboard.consulting.gradejourney.service.impl.GradesJourneySettingsServiceImpl.loadGjSettings(GradesJourneySettingsServiceImpl.java:134)
	at jdk.internal.reflect.GeneratedMethodAccessor734.invoke(Unknown Source)
	at java.base/jdk.internal.reflect.DelegatingMethodAccessorImpl.invoke(DelegatingMethodAccessorImpl.java:43)
	at java.base/java.lang.reflect.Method.invoke(Method.java:566)
	at org.springframework.aop.support.AopUtils.invokeJoinpointUsingReflection(AopUtils.java:344)
	at org.springframework.aop.framework.JdkDynamicAopProxy.invoke(JdkDynamicAopProxy.java:208)
	at com.sun.proxy.$Proxy2474.loadGjSettings(Unknown Source)
	at com.blackboard.consulting.gradejourney.job.GradesExtractJob.execute(GradesExtractJob.java:55)
	at org.quartz.core.JobRunShell.run(JobRunShell.java:202)
	at org.quartz.simpl.SimpleThreadPool$WorkerThread.run(SimpleThreadPool.java:573)
INFO [2025-09-16 09:46:00][46:c.b.c.gradejourney.job.GradesExtractJob        ] : == Entering execute() of Job CronGJExtract.CronGJExtractJob ==
ERROR[2025-09-16 09:46:00][485:c.b.c.core.web.rest.LtiRedirector             ] : Exception occurred in checkVersion: 
java.lang.NullPointerException: null
INFO [2025-09-16 09:46:00][844:c.b.c.ccsc.service.impl.ProfileClient         ] : Param : RedirectParam [isV2=false, signJwt=null, url=null, extId=null]
ERROR[2025-09-16 09:46:00][1529:c.b.c.ccsc.service.impl.ProfileClient        ] : cloud exception
blackboard.plugin.cloud.ext.connection.CloudClientException: An error occurred during a GET request to /v1/ccsc/api/applications/null.
	at blackboard.plugin.updates.connection.CloudRestClientImpl.lambda$exchange$0(CloudRestClientImpl.java:290)
	at java.base/java.security.AccessController.doPrivileged(Native Method)
	at blackboard.plugin.updates.connection.CloudRestClientImpl.exchange(CloudRestClientImpl.java:262)
	at blackboard.plugin.updates.connection.CloudRestClientImpl.exchange(CloudRestClientImpl.java:253)
	at com.blackboard.consulting.ccsc.service.impl.ProfileClient.doRestOp(ProfileClient.java:1524)
	at com.blackboard.consulting.ccsc.service.impl.ProfileClient.getApplicationV1V2(ProfileClient.java:849)
	at com.blackboard.consulting.gradejourney.job.GradesExtractJob.execute(GradesExtractJob.java:53)
	at org.quartz.core.JobRunShell.run(JobRunShell.java:202)
	at org.quartz.simpl.SimpleThreadPool$WorkerThread.run(SimpleThreadPool.java:573)
Caused by: org.springframework.web.client.HttpClientErrorException$NotFound: 404 Not Found: "{"status":404,"code":"ApplicationNotFoundException","message":"No application identified by 'null' was found or given version is not available for given application"}"
	at org.springframework.web.client.HttpClientErrorException.create(HttpClientErrorException.java:113)
	at org.springframework.web.client.DefaultResponseErrorHandler.handleError(DefaultResponseErrorHandler.java:168)
	at org.springframework.web.client.DefaultResponseErrorHandler.handleError(DefaultResponseErrorHandler.java:122)
	at blackboard.plugin.updates.connection.CloudClientResponseErrorHandler.handleError(CloudClientResponseErrorHandler.java:86)
	at org.springframework.web.client.ResponseErrorHandler.handleError(ResponseErrorHandler.java:63)
	at org.springframework.web.client.RestTemplate.handleResponse(RestTemplate.java:825)
	at org.springframework.web.client.RestTemplate.doExecute(RestTemplate.java:783)
	at org.springframework.web.client.RestTemplate.execute(RestTemplate.java:717)
	at org.springframework.web.client.RestTemplate.exchange(RestTemplate.java:608)
	at blackboard.plugin.updates.connection.CloudRestClientImpl.lambda$exchange$0(CloudRestClientImpl.java:271)
	... 8 common frames omitted
ERROR[2025-09-16 09:46:00][485:c.b.c.core.web.rest.LtiRedirector             ] : Exception occurred in checkVersion: 
java.lang.NullPointerException: null
ERROR[2025-09-16 09:46:00][1529:c.b.c.ccsc.service.impl.ProfileClient        ] : cloud exception
blackboard.plugin.cloud.ext.connection.CloudClientException: An error occurred during a GET request to /v1/ccsc/api/applications/null/associations/ce9bb794-b5f4-482a-9699-e3c5a730ed38.
	at blackboard.plugin.updates.connection.CloudRestClientImpl.lambda$exchange$0(CloudRestClientImpl.java:290)
	at java.base/java.security.AccessController.doPrivileged(Native Method)
	at blackboard.plugin.updates.connection.CloudRestClientImpl.exchange(CloudRestClientImpl.java:262)
	at blackboard.plugin.updates.connection.CloudRestClientImpl.exchange(CloudRestClientImpl.java:253)
	at com.blackboard.consulting.ccsc.service.impl.ProfileClient.doRestOp(ProfileClient.java:1524)
	at com.blackboard.consulting.ccsc.service.impl.ProfileClient.getAssociationV1V2(ProfileClient.java:763)
	at com.blackboard.consulting.gradejourney.job.GradesExtractJob.execute(GradesExtractJob.java:54)
	at org.quartz.core.JobRunShell.run(JobRunShell.java:202)
	at org.quartz.simpl.SimpleThreadPool$WorkerThread.run(SimpleThreadPool.java:573)
Caused by: org.springframework.web.client.HttpClientErrorException$NotFound: 404 Not Found: "{"status":404,"code":"ApplicationNotFoundException","message":"No application identified by 'null' was found or given version is not available for given application"}"
	at org.springframework.web.client.HttpClientErrorException.create(HttpClientErrorException.java:113)
	at org.springframework.web.client.DefaultResponseErrorHandler.handleError(DefaultResponseErrorHandler.java:168)
	at org.springframework.web.client.DefaultResponseErrorHandler.handleError(DefaultResponseErrorHandler.java:122)
	at blackboard.plugin.updates.connection.CloudClientResponseErrorHandler.handleError(CloudClientResponseErrorHandler.java:86)
	at org.springframework.web.client.ResponseErrorHandler.handleError(ResponseErrorHandler.java:63)
	at org.springframework.web.client.RestTemplate.handleResponse(RestTemplate.java:825)
	at org.springframework.web.client.RestTemplate.doExecute(RestTemplate.java:783)
	at org.springframework.web.client.RestTemplate.execute(RestTemplate.java:717)
	at org.springframework.web.client.RestTemplate.exchange(RestTemplate.java:608)
	at blackboard.plugin.updates.connection.CloudRestClientImpl.lambda$exchange$0(CloudRestClientImpl.java:271)
	... 8 common frames omitted
ERROR[2025-09-16 09:46:00][85:c.b.c.gradejourney.job.GradesExtractJob        ] : Error Loading the settings
java.lang.NullPointerException: null
	at com.blackboard.consulting.gradejourney.service.impl.GradesJourneySettingsServiceImpl.loadGjSettings(GradesJourneySettingsServiceImpl.java:134)
	at jdk.internal.reflect.GeneratedMethodAccessor734.invoke(Unknown Source)
	at java.base/jdk.internal.reflect.DelegatingMethodAccessorImpl.invoke(DelegatingMethodAccessorImpl.java:43)
	at java.base/java.lang.reflect.Method.invoke(Method.java:566)
	at org.springframework.aop.support.AopUtils.invokeJoinpointUsingReflection(AopUtils.java:344)
	at org.springframework.aop.framework.JdkDynamicAopProxy.invoke(JdkDynamicAopProxy.java:208)
	at com.sun.proxy.$Proxy2474.loadGjSettings(Unknown Source)
	at com.blackboard.consulting.gradejourney.job.GradesExtractJob.execute(GradesExtractJob.java:55)
	at org.quartz.core.JobRunShell.run(JobRunShell.java:202)
	at org.quartz.simpl.SimpleThreadPool$WorkerThread.run(SimpleThreadPool.java:573)
INFO [2025-09-16 09:48:00][46:c.b.c.gradejourney.job.GradesExtractJob        ] : == Entering execute() of Job CronGJExtract.CronGJExtractJob ==
ERROR[2025-09-16 09:48:00][485:c.b.c.core.web.rest.LtiRedirector             ] : Exception occurred in checkVersion: 
java.lang.NullPointerException: null
INFO [2025-09-16 09:48:00][844:c.b.c.ccsc.service.impl.ProfileClient         ] : Param : RedirectParam [isV2=false, signJwt=null, url=null, extId=null]
ERROR[2025-09-16 09:48:00][1529:c.b.c.ccsc.service.impl.ProfileClient        ] : cloud exception
blackboard.plugin.cloud.ext.connection.CloudClientException: An error occurred during a GET request to /v1/ccsc/api/applications/null.
	at blackboard.plugin.updates.connection.CloudRestClientImpl.lambda$exchange$0(CloudRestClientImpl.java:290)
	at java.base/java.security.AccessController.doPrivileged(Native Method)
	at blackboard.plugin.updates.connection.CloudRestClientImpl.exchange(CloudRestClientImpl.java:262)
	at blackboard.plugin.updates.connection.CloudRestClientImpl.exchange(CloudRestClientImpl.java:253)
	at com.blackboard.consulting.ccsc.service.impl.ProfileClient.doRestOp(ProfileClient.java:1524)
	at com.blackboard.consulting.ccsc.service.impl.ProfileClient.getApplicationV1V2(ProfileClient.java:849)
	at com.blackboard.consulting.gradejourney.job.GradesExtractJob.execute(GradesExtractJob.java:53)
	at org.quartz.core.JobRunShell.run(JobRunShell.java:202)
	at org.quartz.simpl.SimpleThreadPool$WorkerThread.run(SimpleThreadPool.java:573)
Caused by: org.springframework.web.client.HttpClientErrorException$NotFound: 404 Not Found: "{"status":404,"code":"ApplicationNotFoundException","message":"No application identified by 'null' was found or given version is not available for given application"}"
	at org.springframework.web.client.HttpClientErrorException.create(HttpClientErrorException.java:113)
	at org.springframework.web.client.DefaultResponseErrorHandler.handleError(DefaultResponseErrorHandler.java:168)
	at org.springframework.web.client.DefaultResponseErrorHandler.handleError(DefaultResponseErrorHandler.java:122)
	at blackboard.plugin.updates.connection.CloudClientResponseErrorHandler.handleError(CloudClientResponseErrorHandler.java:86)
	at org.springframework.web.client.ResponseErrorHandler.handleError(ResponseErrorHandler.java:63)
	at org.springframework.web.client.RestTemplate.handleResponse(RestTemplate.java:825)
	at org.springframework.web.client.RestTemplate.doExecute(RestTemplate.java:783)
	at org.springframework.web.client.RestTemplate.execute(RestTemplate.java:717)
	at org.springframework.web.client.RestTemplate.exchange(RestTemplate.java:608)
	at blackboard.plugin.updates.connection.CloudRestClientImpl.lambda$exchange$0(CloudRestClientImpl.java:271)
	... 8 common frames omitted
ERROR[2025-09-16 09:48:00][485:c.b.c.core.web.rest.LtiRedirector             ] : Exception occurred in checkVersion: 
java.lang.NullPointerException: null
ERROR[2025-09-16 09:48:00][1529:c.b.c.ccsc.service.impl.ProfileClient        ] : cloud exception
blackboard.plugin.cloud.ext.connection.CloudClientException: An error occurred during a GET request to /v1/ccsc/api/applications/null/associations/ce9bb794-b5f4-482a-9699-e3c5a730ed38.
	at blackboard.plugin.updates.connection.CloudRestClientImpl.lambda$exchange$0(CloudRestClientImpl.java:290)
	at java.base/java.security.AccessController.doPrivileged(Native Method)
	at blackboard.plugin.updates.connection.CloudRestClientImpl.exchange(CloudRestClientImpl.java:262)
	at blackboard.plugin.updates.connection.CloudRestClientImpl.exchange(CloudRestClientImpl.java:253)
	at com.blackboard.consulting.ccsc.service.impl.ProfileClient.doRestOp(ProfileClient.java:1524)
	at com.blackboard.consulting.ccsc.service.impl.ProfileClient.getAssociationV1V2(ProfileClient.java:763)
	at com.blackboard.consulting.gradejourney.job.GradesExtractJob.execute(GradesExtractJob.java:54)
	at org.quartz.core.JobRunShell.run(JobRunShell.java:202)
	at org.quartz.simpl.SimpleThreadPool$WorkerThread.run(SimpleThreadPool.java:573)
Caused by: org.springframework.web.client.HttpClientErrorException$NotFound: 404 Not Found: "{"status":404,"code":"ApplicationNotFoundException","message":"No application identified by 'null' was found or given version is not available for given application"}"
	at org.springframework.web.client.HttpClientErrorException.create(HttpClientErrorException.java:113)
	at org.springframework.web.client.DefaultResponseErrorHandler.handleError(DefaultResponseErrorHandler.java:168)
	at org.springframework.web.client.DefaultResponseErrorHandler.handleError(DefaultResponseErrorHandler.java:122)
	at blackboard.plugin.updates.connection.CloudClientResponseErrorHandler.handleError(CloudClientResponseErrorHandler.java:86)
	at org.springframework.web.client.ResponseErrorHandler.handleError(ResponseErrorHandler.java:63)
	at org.springframework.web.client.RestTemplate.handleResponse(RestTemplate.java:825)
	at org.springframework.web.client.RestTemplate.doExecute(RestTemplate.java:783)
	at org.springframework.web.client.RestTemplate.execute(RestTemplate.java:717)
	at org.springframework.web.client.RestTemplate.exchange(RestTemplate.java:608)
	at blackboard.plugin.updates.connection.CloudRestClientImpl.lambda$exchange$0(CloudRestClientImpl.java:271)
	... 8 common frames omitted
ERROR[2025-09-16 09:48:00][85:c.b.c.gradejourney.job.GradesExtractJob        ] : Error Loading the settings
java.lang.NullPointerException: null
	at com.blackboard.consulting.gradejourney.service.impl.GradesJourneySettingsServiceImpl.loadGjSettings(GradesJourneySettingsServiceImpl.java:134)
	at jdk.internal.reflect.GeneratedMethodAccessor734.invoke(Unknown Source)
	at java.base/jdk.internal.reflect.DelegatingMethodAccessorImpl.invoke(DelegatingMethodAccessorImpl.java:43)
	at java.base/java.lang.reflect.Method.invoke(Method.java:566)
	at org.springframework.aop.support.AopUtils.invokeJoinpointUsingReflection(AopUtils.java:344)
	at org.springframework.aop.framework.JdkDynamicAopProxy.invoke(JdkDynamicAopProxy.java:208)
	at com.sun.proxy.$Proxy2474.loadGjSettings(Unknown Source)
	at com.blackboard.consulting.gradejourney.job.GradesExtractJob.execute(GradesExtractJob.java:55)
	at org.quartz.core.JobRunShell.run(JobRunShell.java:202)
	at org.quartz.simpl.SimpleThreadPool$WorkerThread.run(SimpleThreadPool.java:573)
INFO [2025-09-16 09:50:00][46:c.b.c.gradejourney.job.GradesExtractJob        ] : == Entering execute() of Job CronGJExtract.CronGJExtractJob ==
ERROR[2025-09-16 09:50:00][485:c.b.c.core.web.rest.LtiRedirector             ] : Exception occurred in checkVersion: 
java.lang.NullPointerException: null
INFO [2025-09-16 09:50:00][844:c.b.c.ccsc.service.impl.ProfileClient         ] : Param : RedirectParam [isV2=false, signJwt=null, url=null, extId=null]
ERROR[2025-09-16 09:50:00][1529:c.b.c.ccsc.service.impl.ProfileClient        ] : cloud exception
blackboard.plugin.cloud.ext.connection.CloudClientException: An error occurred during a GET request to /v1/ccsc/api/applications/null.
	at blackboard.plugin.updates.connection.CloudRestClientImpl.lambda$exchange$0(CloudRestClientImpl.java:290)
	at java.base/java.security.AccessController.doPrivileged(Native Method)
	at blackboard.plugin.updates.connection.CloudRestClientImpl.exchange(CloudRestClientImpl.java:262)
	at blackboard.plugin.updates.connection.CloudRestClientImpl.exchange(CloudRestClientImpl.java:253)
	at com.blackboard.consulting.ccsc.service.impl.ProfileClient.doRestOp(ProfileClient.java:1524)
	at com.blackboard.consulting.ccsc.service.impl.ProfileClient.getApplicationV1V2(ProfileClient.java:849)
	at com.blackboard.consulting.gradejourney.job.GradesExtractJob.execute(GradesExtractJob.java:53)
	at org.quartz.core.JobRunShell.run(JobRunShell.java:202)
	at org.quartz.simpl.SimpleThreadPool$WorkerThread.run(SimpleThreadPool.java:573)
Caused by: org.springframework.web.client.HttpClientErrorException$NotFound: 404 Not Found: "{"status":404,"code":"ApplicationNotFoundException","message":"No application identified by 'null' was found or given version is not available for given application"}"
	at org.springframework.web.client.HttpClientErrorException.create(HttpClientErrorException.java:113)
	at org.springframework.web.client.DefaultResponseErrorHandler.handleError(DefaultResponseErrorHandler.java:168)
	at org.springframework.web.client.DefaultResponseErrorHandler.handleError(DefaultResponseErrorHandler.java:122)
	at blackboard.plugin.updates.connection.CloudClientResponseErrorHandler.handleError(CloudClientResponseErrorHandler.java:86)
	at org.springframework.web.client.ResponseErrorHandler.handleError(ResponseErrorHandler.java:63)
	at org.springframework.web.client.RestTemplate.handleResponse(RestTemplate.java:825)
	at org.springframework.web.client.RestTemplate.doExecute(RestTemplate.java:783)
	at org.springframework.web.client.RestTemplate.execute(RestTemplate.java:717)
	at org.springframework.web.client.RestTemplate.exchange(RestTemplate.java:608)
	at blackboard.plugin.updates.connection.CloudRestClientImpl.lambda$exchange$0(CloudRestClientImpl.java:271)
	... 8 common frames omitted
ERROR[2025-09-16 09:50:00][485:c.b.c.core.web.rest.LtiRedirector             ] : Exception occurred in checkVersion: 
java.lang.NullPointerException: null
ERROR[2025-09-16 09:50:00][1529:c.b.c.ccsc.service.impl.ProfileClient        ] : cloud exception
blackboard.plugin.cloud.ext.connection.CloudClientException: An error occurred during a GET request to /v1/ccsc/api/applications/null/associations/ce9bb794-b5f4-482a-9699-e3c5a730ed38.
	at blackboard.plugin.updates.connection.CloudRestClientImpl.lambda$exchange$0(CloudRestClientImpl.java:290)
	at java.base/java.security.AccessController.doPrivileged(Native Method)
	at blackboard.plugin.updates.connection.CloudRestClientImpl.exchange(CloudRestClientImpl.java:262)
	at blackboard.plugin.updates.connection.CloudRestClientImpl.exchange(CloudRestClientImpl.java:253)
	at com.blackboard.consulting.ccsc.service.impl.ProfileClient.doRestOp(ProfileClient.java:1524)
	at com.blackboard.consulting.ccsc.service.impl.ProfileClient.getAssociationV1V2(ProfileClient.java:763)
	at com.blackboard.consulting.gradejourney.job.GradesExtractJob.execute(GradesExtractJob.java:54)
	at org.quartz.core.JobRunShell.run(JobRunShell.java:202)
	at org.quartz.simpl.SimpleThreadPool$WorkerThread.run(SimpleThreadPool.java:573)
Caused by: org.springframework.web.client.HttpClientErrorException$NotFound: 404 Not Found: "{"status":404,"code":"ApplicationNotFoundException","message":"No application identified by 'null' was found or given version is not available for given application"}"
	at org.springframework.web.client.HttpClientErrorException.create(HttpClientErrorException.java:113)
	at org.springframework.web.client.DefaultResponseErrorHandler.handleError(DefaultResponseErrorHandler.java:168)
	at org.springframework.web.client.DefaultResponseErrorHandler.handleError(DefaultResponseErrorHandler.java:122)
	at blackboard.plugin.updates.connection.CloudClientResponseErrorHandler.handleError(CloudClientResponseErrorHandler.java:86)
	at org.springframework.web.client.ResponseErrorHandler.handleError(ResponseErrorHandler.java:63)
	at org.springframework.web.client.RestTemplate.handleResponse(RestTemplate.java:825)
	at org.springframework.web.client.RestTemplate.doExecute(RestTemplate.java:783)
	at org.springframework.web.client.RestTemplate.execute(RestTemplate.java:717)
	at org.springframework.web.client.RestTemplate.exchange(RestTemplate.java:608)
	at blackboard.plugin.updates.connection.CloudRestClientImpl.lambda$exchange$0(CloudRestClientImpl.java:271)
	... 8 common frames omitted
ERROR[2025-09-16 09:50:00][85:c.b.c.gradejourney.job.GradesExtractJob        ] : Error Loading the settings
java.lang.NullPointerException: null
	at com.blackboard.consulting.gradejourney.service.impl.GradesJourneySettingsServiceImpl.loadGjSettings(GradesJourneySettingsServiceImpl.java:134)
	at jdk.internal.reflect.GeneratedMethodAccessor734.invoke(Unknown Source)
	at java.base/jdk.internal.reflect.DelegatingMethodAccessorImpl.invoke(DelegatingMethodAccessorImpl.java:43)
	at java.base/java.lang.reflect.Method.invoke(Method.java:566)
	at org.springframework.aop.support.AopUtils.invokeJoinpointUsingReflection(AopUtils.java:344)
	at org.springframework.aop.framework.JdkDynamicAopProxy.invoke(JdkDynamicAopProxy.java:208)
	at com.sun.proxy.$Proxy2474.loadGjSettings(Unknown Source)
	at com.blackboard.consulting.gradejourney.job.GradesExtractJob.execute(GradesExtractJob.java:55)
	at org.quartz.core.JobRunShell.run(JobRunShell.java:202)
	at org.quartz.simpl.SimpleThreadPool$WorkerThread.run(SimpleThreadPool.java:573)
INFO [2025-09-16 09:52:00][46:c.b.c.gradejourney.job.GradesExtractJob        ] : == Entering execute() of Job CronGJExtract.CronGJExtractJob ==
ERROR[2025-09-16 09:52:00][485:c.b.c.core.web.rest.LtiRedirector             ] : Exception occurred in checkVersion: 
java.lang.NullPointerException: null
INFO [2025-09-16 09:52:00][844:c.b.c.ccsc.service.impl.ProfileClient         ] : Param : RedirectParam [isV2=false, signJwt=null, url=null, extId=null]
ERROR[2025-09-16 09:52:00][1529:c.b.c.ccsc.service.impl.ProfileClient        ] : cloud exception
blackboard.plugin.cloud.ext.connection.CloudClientException: An error occurred during a GET request to /v1/ccsc/api/applications/null.
	at blackboard.plugin.updates.connection.CloudRestClientImpl.lambda$exchange$0(CloudRestClientImpl.java:290)
	at java.base/java.security.AccessController.doPrivileged(Native Method)
	at blackboard.plugin.updates.connection.CloudRestClientImpl.exchange(CloudRestClientImpl.java:262)
	at blackboard.plugin.updates.connection.CloudRestClientImpl.exchange(CloudRestClientImpl.java:253)
	at com.blackboard.consulting.ccsc.service.impl.ProfileClient.doRestOp(ProfileClient.java:1524)
	at com.blackboard.consulting.ccsc.service.impl.ProfileClient.getApplicationV1V2(ProfileClient.java:849)
	at com.blackboard.consulting.gradejourney.job.GradesExtractJob.execute(GradesExtractJob.java:53)
	at org.quartz.core.JobRunShell.run(JobRunShell.java:202)
	at org.quartz.simpl.SimpleThreadPool$WorkerThread.run(SimpleThreadPool.java:573)
Caused by: org.springframework.web.client.HttpClientErrorException$NotFound: 404 Not Found: "{"status":404,"code":"ApplicationNotFoundException","message":"No application identified by 'null' was found or given version is not available for given application"}"
	at org.springframework.web.client.HttpClientErrorException.create(HttpClientErrorException.java:113)
	at org.springframework.web.client.DefaultResponseErrorHandler.handleError(DefaultResponseErrorHandler.java:168)
	at org.springframework.web.client.DefaultResponseErrorHandler.handleError(DefaultResponseErrorHandler.java:122)
	at blackboard.plugin.updates.connection.CloudClientResponseErrorHandler.handleError(CloudClientResponseErrorHandler.java:86)
	at org.springframework.web.client.ResponseErrorHandler.handleError(ResponseErrorHandler.java:63)
	at org.springframework.web.client.RestTemplate.handleResponse(RestTemplate.java:825)
	at org.springframework.web.client.RestTemplate.doExecute(RestTemplate.java:783)
	at org.springframework.web.client.RestTemplate.execute(RestTemplate.java:717)
	at org.springframework.web.client.RestTemplate.exchange(RestTemplate.java:608)
	at blackboard.plugin.updates.connection.CloudRestClientImpl.lambda$exchange$0(CloudRestClientImpl.java:271)
	... 8 common frames omitted
ERROR[2025-09-16 09:52:00][485:c.b.c.core.web.rest.LtiRedirector             ] : Exception occurred in checkVersion: 
java.lang.NullPointerException: null
ERROR[2025-09-16 09:52:00][1529:c.b.c.ccsc.service.impl.ProfileClient        ] : cloud exception
blackboard.plugin.cloud.ext.connection.CloudClientException: An error occurred during a GET request to /v1/ccsc/api/applications/null/associations/ce9bb794-b5f4-482a-9699-e3c5a730ed38.
	at blackboard.plugin.updates.connection.CloudRestClientImpl.lambda$exchange$0(CloudRestClientImpl.java:290)
	at java.base/java.security.AccessController.doPrivileged(Native Method)
	at blackboard.plugin.updates.connection.CloudRestClientImpl.exchange(CloudRestClientImpl.java:262)
	at blackboard.plugin.updates.connection.CloudRestClientImpl.exchange(CloudRestClientImpl.java:253)
	at com.blackboard.consulting.ccsc.service.impl.ProfileClient.doRestOp(ProfileClient.java:1524)
	at com.blackboard.consulting.ccsc.service.impl.ProfileClient.getAssociationV1V2(ProfileClient.java:763)
	at com.blackboard.consulting.gradejourney.job.GradesExtractJob.execute(GradesExtractJob.java:54)
	at org.quartz.core.JobRunShell.run(JobRunShell.java:202)
	at org.quartz.simpl.SimpleThreadPool$WorkerThread.run(SimpleThreadPool.java:573)
Caused by: org.springframework.web.client.HttpClientErrorException$NotFound: 404 Not Found: "{"status":404,"code":"ApplicationNotFoundException","message":"No application identified by 'null' was found or given version is not available for given application"}"
	at org.springframework.web.client.HttpClientErrorException.create(HttpClientErrorException.java:113)
	at org.springframework.web.client.DefaultResponseErrorHandler.handleError(DefaultResponseErrorHandler.java:168)
	at org.springframework.web.client.DefaultResponseErrorHandler.handleError(DefaultResponseErrorHandler.java:122)
	at blackboard.plugin.updates.connection.CloudClientResponseErrorHandler.handleError(CloudClientResponseErrorHandler.java:86)
	at org.springframework.web.client.ResponseErrorHandler.handleError(ResponseErrorHandler.java:63)
	at org.springframework.web.client.RestTemplate.handleResponse(RestTemplate.java:825)
	at org.springframework.web.client.RestTemplate.doExecute(RestTemplate.java:783)
	at org.springframework.web.client.RestTemplate.execute(RestTemplate.java:717)
	at org.springframework.web.client.RestTemplate.exchange(RestTemplate.java:608)
	at blackboard.plugin.updates.connection.CloudRestClientImpl.lambda$exchange$0(CloudRestClientImpl.java:271)
	... 8 common frames omitted
ERROR[2025-09-16 09:52:00][85:c.b.c.gradejourney.job.GradesExtractJob        ] : Error Loading the settings
java.lang.NullPointerException: null
	at com.blackboard.consulting.gradejourney.service.impl.GradesJourneySettingsServiceImpl.loadGjSettings(GradesJourneySettingsServiceImpl.java:134)
	at jdk.internal.reflect.GeneratedMethodAccessor734.invoke(Unknown Source)
	at java.base/jdk.internal.reflect.DelegatingMethodAccessorImpl.invoke(DelegatingMethodAccessorImpl.java:43)
	at java.base/java.lang.reflect.Method.invoke(Method.java:566)
	at org.springframework.aop.support.AopUtils.invokeJoinpointUsingReflection(AopUtils.java:344)
	at org.springframework.aop.framework.JdkDynamicAopProxy.invoke(JdkDynamicAopProxy.java:208)
	at com.sun.proxy.$Proxy2474.loadGjSettings(Unknown Source)
	at com.blackboard.consulting.gradejourney.job.GradesExtractJob.execute(GradesExtractJob.java:55)
	at org.quartz.core.JobRunShell.run(JobRunShell.java:202)
	at org.quartz.simpl.SimpleThreadPool$WorkerThread.run(SimpleThreadPool.java:573)
INFO [2025-09-16 09:55:00][46:c.b.c.gradejourney.job.GradesExtractJob        ] : == Entering execute() of Job CronGJExtract.CronGJExtractJob ==
ERROR[2025-09-16 09:55:00][485:c.b.c.core.web.rest.LtiRedirector             ] : Exception occurred in checkVersion: 
java.lang.NullPointerException: null
INFO [2025-09-16 09:55:00][844:c.b.c.ccsc.service.impl.ProfileClient         ] : Param : RedirectParam [isV2=false, signJwt=null, url=null, extId=null]
ERROR[2025-09-16 09:55:00][1529:c.b.c.ccsc.service.impl.ProfileClient        ] : cloud exception
blackboard.plugin.cloud.ext.connection.CloudClientException: An error occurred during a GET request to /v1/ccsc/api/applications/null.
	at blackboard.plugin.updates.connection.CloudRestClientImpl.lambda$exchange$0(CloudRestClientImpl.java:290)
	at java.base/java.security.AccessController.doPrivileged(Native Method)
	at blackboard.plugin.updates.connection.CloudRestClientImpl.exchange(CloudRestClientImpl.java:262)
	at blackboard.plugin.updates.connection.CloudRestClientImpl.exchange(CloudRestClientImpl.java:253)
	at com.blackboard.consulting.ccsc.service.impl.ProfileClient.doRestOp(ProfileClient.java:1524)
	at com.blackboard.consulting.ccsc.service.impl.ProfileClient.getApplicationV1V2(ProfileClient.java:849)
	at com.blackboard.consulting.gradejourney.job.GradesExtractJob.execute(GradesExtractJob.java:53)
	at org.quartz.core.JobRunShell.run(JobRunShell.java:202)
	at org.quartz.simpl.SimpleThreadPool$WorkerThread.run(SimpleThreadPool.java:573)
Caused by: org.springframework.web.client.HttpClientErrorException$NotFound: 404 Not Found: "{"status":404,"code":"ApplicationNotFoundException","message":"No application identified by 'null' was found or given version is not available for given application"}"
	at org.springframework.web.client.HttpClientErrorException.create(HttpClientErrorException.java:113)
	at org.springframework.web.client.DefaultResponseErrorHandler.handleError(DefaultResponseErrorHandler.java:168)
	at org.springframework.web.client.DefaultResponseErrorHandler.handleError(DefaultResponseErrorHandler.java:122)
	at blackboard.plugin.updates.connection.CloudClientResponseErrorHandler.handleError(CloudClientResponseErrorHandler.java:86)
	at org.springframework.web.client.ResponseErrorHandler.handleError(ResponseErrorHandler.java:63)
	at org.springframework.web.client.RestTemplate.handleResponse(RestTemplate.java:825)
	at org.springframework.web.client.RestTemplate.doExecute(RestTemplate.java:783)
	at org.springframework.web.client.RestTemplate.execute(RestTemplate.java:717)
	at org.springframework.web.client.RestTemplate.exchange(RestTemplate.java:608)
	at blackboard.plugin.updates.connection.CloudRestClientImpl.lambda$exchange$0(CloudRestClientImpl.java:271)
	... 8 common frames omitted
ERROR[2025-09-16 09:55:00][485:c.b.c.core.web.rest.LtiRedirector             ] : Exception occurred in checkVersion: 
java.lang.NullPointerException: null
ERROR[2025-09-16 09:55:00][1529:c.b.c.ccsc.service.impl.ProfileClient        ] : cloud exception
blackboard.plugin.cloud.ext.connection.CloudClientException: An error occurred during a GET request to /v1/ccsc/api/applications/null/associations/ce9bb794-b5f4-482a-9699-e3c5a730ed38.
	at blackboard.plugin.updates.connection.CloudRestClientImpl.lambda$exchange$0(CloudRestClientImpl.java:290)
	at java.base/java.security.AccessController.doPrivileged(Native Method)
	at blackboard.plugin.updates.connection.CloudRestClientImpl.exchange(CloudRestClientImpl.java:262)
	at blackboard.plugin.updates.connection.CloudRestClientImpl.exchange(CloudRestClientImpl.java:253)
	at com.blackboard.consulting.ccsc.service.impl.ProfileClient.doRestOp(ProfileClient.java:1524)
	at com.blackboard.consulting.ccsc.service.impl.ProfileClient.getAssociationV1V2(ProfileClient.java:763)
	at com.blackboard.consulting.gradejourney.job.GradesExtractJob.execute(GradesExtractJob.java:54)
	at org.quartz.core.JobRunShell.run(JobRunShell.java:202)
	at org.quartz.simpl.SimpleThreadPool$WorkerThread.run(SimpleThreadPool.java:573)
Caused by: org.springframework.web.client.HttpClientErrorException$NotFound: 404 Not Found: "{"status":404,"code":"ApplicationNotFoundException","message":"No application identified by 'null' was found or given version is not available for given application"}"
	at org.springframework.web.client.HttpClientErrorException.create(HttpClientErrorException.java:113)
	at org.springframework.web.client.DefaultResponseErrorHandler.handleError(DefaultResponseErrorHandler.java:168)
	at org.springframework.web.client.DefaultResponseErrorHandler.handleError(DefaultResponseErrorHandler.java:122)
	at blackboard.plugin.updates.connection.CloudClientResponseErrorHandler.handleError(CloudClientResponseErrorHandler.java:86)
	at org.springframework.web.client.ResponseErrorHandler.handleError(ResponseErrorHandler.java:63)
	at org.springframework.web.client.RestTemplate.handleResponse(RestTemplate.java:825)
	at org.springframework.web.client.RestTemplate.doExecute(RestTemplate.java:783)
	at org.springframework.web.client.RestTemplate.execute(RestTemplate.java:717)
	at org.springframework.web.client.RestTemplate.exchange(RestTemplate.java:608)
	at blackboard.plugin.updates.connection.CloudRestClientImpl.lambda$exchange$0(CloudRestClientImpl.java:271)
	... 8 common frames omitted
ERROR[2025-09-16 09:55:00][85:c.b.c.gradejourney.job.GradesExtractJob        ] : Error Loading the settings
java.lang.NullPointerException: null
	at com.blackboard.consulting.gradejourney.service.impl.GradesJourneySettingsServiceImpl.loadGjSettings(GradesJourneySettingsServiceImpl.java:134)
	at jdk.internal.reflect.GeneratedMethodAccessor734.invoke(Unknown Source)
	at java.base/jdk.internal.reflect.DelegatingMethodAccessorImpl.invoke(DelegatingMethodAccessorImpl.java:43)
	at java.base/java.lang.reflect.Method.invoke(Method.java:566)
	at org.springframework.aop.support.AopUtils.invokeJoinpointUsingReflection(AopUtils.java:344)
	at org.springframework.aop.framework.JdkDynamicAopProxy.invoke(JdkDynamicAopProxy.java:208)
	at com.sun.proxy.$Proxy2474.loadGjSettings(Unknown Source)
	at com.blackboard.consulting.gradejourney.job.GradesExtractJob.execute(GradesExtractJob.java:55)
	at org.quartz.core.JobRunShell.run(JobRunShell.java:202)
	at org.quartz.simpl.SimpleThreadPool$WorkerThread.run(SimpleThreadPool.java:573)
INFO [2025-09-16 09:57:00][46:c.b.c.gradejourney.job.GradesExtractJob        ] : == Entering execute() of Job CronGJExtract.CronGJExtractJob ==
ERROR[2025-09-16 09:57:00][485:c.b.c.core.web.rest.LtiRedirector             ] : Exception occurred in checkVersion: 
java.lang.NullPointerException: null
INFO [2025-09-16 09:57:00][844:c.b.c.ccsc.service.impl.ProfileClient         ] : Param : RedirectParam [isV2=false, signJwt=null, url=null, extId=null]
ERROR[2025-09-16 09:57:00][1529:c.b.c.ccsc.service.impl.ProfileClient        ] : cloud exception
blackboard.plugin.cloud.ext.connection.CloudClientException: An error occurred during a GET request to /v1/ccsc/api/applications/null.
	at blackboard.plugin.updates.connection.CloudRestClientImpl.lambda$exchange$0(CloudRestClientImpl.java:290)
	at java.base/java.security.AccessController.doPrivileged(Native Method)
	at blackboard.plugin.updates.connection.CloudRestClientImpl.exchange(CloudRestClientImpl.java:262)
	at blackboard.plugin.updates.connection.CloudRestClientImpl.exchange(CloudRestClientImpl.java:253)
	at com.blackboard.consulting.ccsc.service.impl.ProfileClient.doRestOp(ProfileClient.java:1524)
	at com.blackboard.consulting.ccsc.service.impl.ProfileClient.getApplicationV1V2(ProfileClient.java:849)
	at com.blackboard.consulting.gradejourney.job.GradesExtractJob.execute(GradesExtractJob.java:53)
	at org.quartz.core.JobRunShell.run(JobRunShell.java:202)
	at org.quartz.simpl.SimpleThreadPool$WorkerThread.run(SimpleThreadPool.java:573)
Caused by: org.springframework.web.client.HttpClientErrorException$NotFound: 404 Not Found: "{"status":404,"code":"ApplicationNotFoundException","message":"No application identified by 'null' was found or given version is not available for given application"}"
	at org.springframework.web.client.HttpClientErrorException.create(HttpClientErrorException.java:113)
	at org.springframework.web.client.DefaultResponseErrorHandler.handleError(DefaultResponseErrorHandler.java:168)
	at org.springframework.web.client.DefaultResponseErrorHandler.handleError(DefaultResponseErrorHandler.java:122)
	at blackboard.plugin.updates.connection.CloudClientResponseErrorHandler.handleError(CloudClientResponseErrorHandler.java:86)
	at org.springframework.web.client.ResponseErrorHandler.handleError(ResponseErrorHandler.java:63)
	at org.springframework.web.client.RestTemplate.handleResponse(RestTemplate.java:825)
	at org.springframework.web.client.RestTemplate.doExecute(RestTemplate.java:783)
	at org.springframework.web.client.RestTemplate.execute(RestTemplate.java:717)
	at org.springframework.web.client.RestTemplate.exchange(RestTemplate.java:608)
	at blackboard.plugin.updates.connection.CloudRestClientImpl.lambda$exchange$0(CloudRestClientImpl.java:271)
	... 8 common frames omitted
ERROR[2025-09-16 09:57:00][485:c.b.c.core.web.rest.LtiRedirector             ] : Exception occurred in checkVersion: 
java.lang.NullPointerException: null
ERROR[2025-09-16 09:57:00][1529:c.b.c.ccsc.service.impl.ProfileClient        ] : cloud exception
blackboard.plugin.cloud.ext.connection.CloudClientException: An error occurred during a GET request to /v1/ccsc/api/applications/null/associations/ce9bb794-b5f4-482a-9699-e3c5a730ed38.
	at blackboard.plugin.updates.connection.CloudRestClientImpl.lambda$exchange$0(CloudRestClientImpl.java:290)
	at java.base/java.security.AccessController.doPrivileged(Native Method)
	at blackboard.plugin.updates.connection.CloudRestClientImpl.exchange(CloudRestClientImpl.java:262)
	at blackboard.plugin.updates.connection.CloudRestClientImpl.exchange(CloudRestClientImpl.java:253)
	at com.blackboard.consulting.ccsc.service.impl.ProfileClient.doRestOp(ProfileClient.java:1524)
	at com.blackboard.consulting.ccsc.service.impl.ProfileClient.getAssociationV1V2(ProfileClient.java:763)
	at com.blackboard.consulting.gradejourney.job.GradesExtractJob.execute(GradesExtractJob.java:54)
	at org.quartz.core.JobRunShell.run(JobRunShell.java:202)
	at org.quartz.simpl.SimpleThreadPool$WorkerThread.run(SimpleThreadPool.java:573)
Caused by: org.springframework.web.client.HttpClientErrorException$NotFound: 404 Not Found: "{"status":404,"code":"ApplicationNotFoundException","message":"No application identified by 'null' was found or given version is not available for given application"}"
	at org.springframework.web.client.HttpClientErrorException.create(HttpClientErrorException.java:113)
	at org.springframework.web.client.DefaultResponseErrorHandler.handleError(DefaultResponseErrorHandler.java:168)
	at org.springframework.web.client.DefaultResponseErrorHandler.handleError(DefaultResponseErrorHandler.java:122)
	at blackboard.plugin.updates.connection.CloudClientResponseErrorHandler.handleError(CloudClientResponseErrorHandler.java:86)
	at org.springframework.web.client.ResponseErrorHandler.handleError(ResponseErrorHandler.java:63)
	at org.springframework.web.client.RestTemplate.handleResponse(RestTemplate.java:825)
	at org.springframework.web.client.RestTemplate.doExecute(RestTemplate.java:783)
	at org.springframework.web.client.RestTemplate.execute(RestTemplate.java:717)
	at org.springframework.web.client.RestTemplate.exchange(RestTemplate.java:608)
	at blackboard.plugin.updates.connection.CloudRestClientImpl.lambda$exchange$0(CloudRestClientImpl.java:271)
	... 8 common frames omitted
ERROR[2025-09-16 09:57:00][85:c.b.c.gradejourney.job.GradesExtractJob        ] : Error Loading the settings
java.lang.NullPointerException: null
	at com.blackboard.consulting.gradejourney.service.impl.GradesJourneySettingsServiceImpl.loadGjSettings(GradesJourneySettingsServiceImpl.java:134)
	at jdk.internal.reflect.GeneratedMethodAccessor734.invoke(Unknown Source)
	at java.base/jdk.internal.reflect.DelegatingMethodAccessorImpl.invoke(DelegatingMethodAccessorImpl.java:43)
	at java.base/java.lang.reflect.Method.invoke(Method.java:566)
	at org.springframework.aop.support.AopUtils.invokeJoinpointUsingReflection(AopUtils.java:344)
	at org.springframework.aop.framework.JdkDynamicAopProxy.invoke(JdkDynamicAopProxy.java:208)
	at com.sun.proxy.$Proxy2474.loadGjSettings(Unknown Source)
	at com.blackboard.consulting.gradejourney.job.GradesExtractJob.execute(GradesExtractJob.java:55)
	at org.quartz.core.JobRunShell.run(JobRunShell.java:202)
	at org.quartz.simpl.SimpleThreadPool$WorkerThread.run(SimpleThreadPool.java:573)
INFO [2025-09-16 09:59:00][46:c.b.c.gradejourney.job.GradesExtractJob        ] : == Entering execute() of Job CronGJExtract.CronGJExtractJob ==
ERROR[2025-09-16 09:59:00][485:c.b.c.core.web.rest.LtiRedirector             ] : Exception occurred in checkVersion: 
java.lang.NullPointerException: null
INFO [2025-09-16 09:59:00][844:c.b.c.ccsc.service.impl.ProfileClient         ] : Param : RedirectParam [isV2=false, signJwt=null, url=null, extId=null]
ERROR[2025-09-16 09:59:00][1529:c.b.c.ccsc.service.impl.ProfileClient        ] : cloud exception
blackboard.plugin.cloud.ext.connection.CloudClientException: An error occurred during a GET request to /v1/ccsc/api/applications/null.
	at blackboard.plugin.updates.connection.CloudRestClientImpl.lambda$exchange$0(CloudRestClientImpl.java:290)
	at java.base/java.security.AccessController.doPrivileged(Native Method)
	at blackboard.plugin.updates.connection.CloudRestClientImpl.exchange(CloudRestClientImpl.java:262)
	at blackboard.plugin.updates.connection.CloudRestClientImpl.exchange(CloudRestClientImpl.java:253)
	at com.blackboard.consulting.ccsc.service.impl.ProfileClient.doRestOp(ProfileClient.java:1524)
	at com.blackboard.consulting.ccsc.service.impl.ProfileClient.getApplicationV1V2(ProfileClient.java:849)
	at com.blackboard.consulting.gradejourney.job.GradesExtractJob.execute(GradesExtractJob.java:53)
	at org.quartz.core.JobRunShell.run(JobRunShell.java:202)
	at org.quartz.simpl.SimpleThreadPool$WorkerThread.run(SimpleThreadPool.java:573)
Caused by: org.springframework.web.client.HttpClientErrorException$NotFound: 404 Not Found: "{"status":404,"code":"ApplicationNotFoundException","message":"No application identified by 'null' was found or given version is not available for given application"}"
	at org.springframework.web.client.HttpClientErrorException.create(HttpClientErrorException.java:113)
	at org.springframework.web.client.DefaultResponseErrorHandler.handleError(DefaultResponseErrorHandler.java:168)
	at org.springframework.web.client.DefaultResponseErrorHandler.handleError(DefaultResponseErrorHandler.java:122)
	at blackboard.plugin.updates.connection.CloudClientResponseErrorHandler.handleError(CloudClientResponseErrorHandler.java:86)
	at org.springframework.web.client.ResponseErrorHandler.handleError(ResponseErrorHandler.java:63)
	at org.springframework.web.client.RestTemplate.handleResponse(RestTemplate.java:825)
	at org.springframework.web.client.RestTemplate.doExecute(RestTemplate.java:783)
	at org.springframework.web.client.RestTemplate.execute(RestTemplate.java:717)
	at org.springframework.web.client.RestTemplate.exchange(RestTemplate.java:608)
	at blackboard.plugin.updates.connection.CloudRestClientImpl.lambda$exchange$0(CloudRestClientImpl.java:271)
	... 8 common frames omitted
ERROR[2025-09-16 09:59:00][485:c.b.c.core.web.rest.LtiRedirector             ] : Exception occurred in checkVersion: 
java.lang.NullPointerException: null
ERROR[2025-09-16 09:59:00][1529:c.b.c.ccsc.service.impl.ProfileClient        ] : cloud exception
blackboard.plugin.cloud.ext.connection.CloudClientException: An error occurred during a GET request to /v1/ccsc/api/applications/null/associations/ce9bb794-b5f4-482a-9699-e3c5a730ed38.
	at blackboard.plugin.updates.connection.CloudRestClientImpl.lambda$exchange$0(CloudRestClientImpl.java:290)
	at java.base/java.security.AccessController.doPrivileged(Native Method)
	at blackboard.plugin.updates.connection.CloudRestClientImpl.exchange(CloudRestClientImpl.java:262)
	at blackboard.plugin.updates.connection.CloudRestClientImpl.exchange(CloudRestClientImpl.java:253)
	at com.blackboard.consulting.ccsc.service.impl.ProfileClient.doRestOp(ProfileClient.java:1524)
	at com.blackboard.consulting.ccsc.service.impl.ProfileClient.getAssociationV1V2(ProfileClient.java:763)
	at com.blackboard.consulting.gradejourney.job.GradesExtractJob.execute(GradesExtractJob.java:54)
	at org.quartz.core.JobRunShell.run(JobRunShell.java:202)
	at org.quartz.simpl.SimpleThreadPool$WorkerThread.run(SimpleThreadPool.java:573)
Caused by: org.springframework.web.client.HttpClientErrorException$NotFound: 404 Not Found: "{"status":404,"code":"ApplicationNotFoundException","message":"No application identified by 'null' was found or given version is not available for given application"}"
	at org.springframework.web.client.HttpClientErrorException.create(HttpClientErrorException.java:113)
	at org.springframework.web.client.DefaultResponseErrorHandler.handleError(DefaultResponseErrorHandler.java:168)
	at org.springframework.web.client.DefaultResponseErrorHandler.handleError(DefaultResponseErrorHandler.java:122)
	at blackboard.plugin.updates.connection.CloudClientResponseErrorHandler.handleError(CloudClientResponseErrorHandler.java:86)
	at org.springframework.web.client.ResponseErrorHandler.handleError(ResponseErrorHandler.java:63)
	at org.springframework.web.client.RestTemplate.handleResponse(RestTemplate.java:825)
	at org.springframework.web.client.RestTemplate.doExecute(RestTemplate.java:783)
	at org.springframework.web.client.RestTemplate.execute(RestTemplate.java:717)
	at org.springframework.web.client.RestTemplate.exchange(RestTemplate.java:608)
	at blackboard.plugin.updates.connection.CloudRestClientImpl.lambda$exchange$0(CloudRestClientImpl.java:271)
	... 8 common frames omitted
ERROR[2025-09-16 09:59:00][85:c.b.c.gradejourney.job.GradesExtractJob        ] : Error Loading the settings
java.lang.NullPointerException: null
	at com.blackboard.consulting.gradejourney.service.impl.GradesJourneySettingsServiceImpl.loadGjSettings(GradesJourneySettingsServiceImpl.java:134)
	at jdk.internal.reflect.GeneratedMethodAccessor734.invoke(Unknown Source)
	at java.base/jdk.internal.reflect.DelegatingMethodAccessorImpl.invoke(DelegatingMethodAccessorImpl.java:43)
	at java.base/java.lang.reflect.Method.invoke(Method.java:566)
	at org.springframework.aop.support.AopUtils.invokeJoinpointUsingReflection(AopUtils.java:344)
	at org.springframework.aop.framework.JdkDynamicAopProxy.invoke(JdkDynamicAopProxy.java:208)
	at com.sun.proxy.$Proxy2474.loadGjSettings(Unknown Source)
	at com.blackboard.consulting.gradejourney.job.GradesExtractJob.execute(GradesExtractJob.java:55)
	at org.quartz.core.JobRunShell.run(JobRunShell.java:202)
	at org.quartz.simpl.SimpleThreadPool$WorkerThread.run(SimpleThreadPool.java:573)
